Date,^J203.JO
2012-02-08,34226.73046875
2012-02-09,34268.140625
2012-02-10,33892.578125
2012-02-13,34207.4296875
2012-02-14,34112.44140625
2012-02-15,34089.87109375
2012-02-16,33801.640625
2012-02-17,34082.78125
2012-02-20,34106.0
2012-02-21,34142.37109375
2012-02-22,34006.51953125
2012-02-23,34108.19921875
2012-02-24,34260.76171875
2012-02-27,33871.3203125
2012-02-28,34214.53125
2012-02-29,34296.0
2012-03-01,34298.48046875
2012-03-02,34186.80859375
2012-03-05,34031.76953125
2012-03-06,33387.0390625
2012-03-07,33592.3203125
2012-03-08,33758.62109375
2012-03-09,33926.19921875
2012-03-12,33901.71875
2012-03-13,34175.390625
2012-03-14,34426.73828125
2012-03-15,34215.30078125
2012-03-16,34221.62109375
2012-03-19,34214.0703125
2012-03-20,33878.55859375
2012-03-21,33878.55859375
2012-03-22,33550.890625
2012-03-23,33572.0703125
2012-03-26,33664.4609375
2012-03-27,33858.21875
2012-03-28,33621.9296875
2012-03-29,33483.26171875
2012-03-30,33554.2109375
2012-04-02,33974.62890625
2012-04-03,34192.19140625
2012-04-04,33404.3203125
2012-04-05,33732.19921875
2012-04-10,33617.73828125
2012-04-11,33632.76171875
2012-04-12,33816.9609375
2012-04-13,33705.03125
2012-04-16,33661.2109375
2012-04-17,33777.96875
2012-04-18,34050.23828125
2012-04-19,34106.921875
2012-04-20,34216.55078125
2012-04-23,33703.2109375
2012-04-24,33820.87109375
2012-04-25,34028.80859375
2012-04-26,34251.4296875
2012-04-27,34251.4296875
2012-04-30,34399.0390625
2012-05-01,34399.0390625
2012-05-02,34482.4296875
2012-05-03,34375.51171875
2012-05-04,34127.28125
2012-05-07,33956.078125
2012-05-08,33547.76953125
2012-05-09,33434.0390625
2012-05-10,33869.7109375
2012-05-11,34038.4609375
2012-05-14,33533.55859375
2012-05-15,33486.078125
2012-05-16,33794.71875
2012-05-17,33538.921875
2012-05-18,33148.390625
2012-05-21,33086.0
2012-05-22,33488.140625
2012-05-23,32887.44921875
2012-05-24,33046.12890625
2012-05-25,32992.25
2012-05-28,33104.05859375
2012-05-29,33440.19921875
2012-05-30,32968.80859375
2012-05-31,33142.609375
2012-06-01,33107.4609375
2012-06-06,33603.3515625
2012-06-07,33904.859375
2012-06-08,33665.7109375
2012-06-11,33616.5703125
2012-06-12,33855.4609375
2012-06-13,34037.828125
2012-06-14,33826.01171875
2012-06-15,33959.87109375
2012-06-18,34438.76171875
2012-06-19,34714.05859375
2012-06-20,34788.37109375
2012-06-21,34534.05078125
2012-06-22,34118.87109375
2012-06-25,33821.98046875
2012-06-26,33851.37109375
2012-06-27,33748.12890625
2012-06-28,33252.55078125
2012-06-29,33708.30859375
2012-07-02,33652.69140625
2012-07-03,33985.7109375
2012-07-04,34041.12109375
2012-07-05,34222.578125
2012-07-06,34226.2109375
2012-07-09,33931.1015625
2012-07-10,33998.6015625
2012-07-11,33724.69140625
2012-07-12,33390.51953125
2012-07-13,33792.75
2012-07-16,33728.140625
2012-07-17,33706.5703125
2012-07-18,34035.05859375
2012-07-19,34291.83984375
2012-07-20,34225.421875
2012-07-23,33814.828125
2012-07-24,33998.44921875
2012-07-25,34069.58984375
2012-07-26,34288.98046875
2012-07-27,34671.0
2012-07-30,34958.58984375
2012-07-31,34596.8984375
2012-08-01,35070.66015625
2012-08-02,35033.08984375
2012-08-03,35244.21875
2012-08-06,35469.1796875
2012-08-07,35487.26171875
2012-08-08,35494.640625
2012-08-09,35494.640625
2012-08-10,35574.51171875
2012-08-13,35417.94140625
2012-08-14,35564.33984375
2012-08-15,35543.9296875
2012-08-16,35743.23046875
2012-08-17,35547.328125
2012-08-20,35471.0703125
2012-08-21,35832.83984375
2012-08-22,35616.7109375
2012-08-23,35843.921875
2012-08-24,35794.12109375
2012-08-28,35767.69921875
2012-08-29,35737.1796875
2012-08-30,35307.3515625
2012-08-31,35389.44921875
2012-09-03,35485.1015625
2012-09-04,35161.01171875
2012-09-05,35045.55078125
2012-09-06,35674.73046875
2012-09-07,35744.25
2012-09-10,35524.8984375
2012-09-11,35446.66015625
2012-09-12,35736.41015625
2012-09-13,35885.23046875
2012-09-14,36550.078125
2012-09-17,36362.578125
2012-09-18,36445.75
2012-09-19,36463.140625
2012-09-20,36359.98046875
2012-09-21,36206.328125
2012-09-24,36206.328125
2012-09-25,36041.48046875
2012-09-26,35415.0703125
2012-09-27,35616.6015625
2012-09-28,35757.98046875
2012-10-01,36269.26953125
2012-10-02,36247.91015625
2012-10-03,36120.44921875
2012-10-04,36268.9609375
2012-10-05,36588.671875
2012-10-08,36337.390625
2012-10-09,36070.73828125
2012-10-10,36147.62109375
2012-10-11,36498.44140625
2012-10-12,36440.05078125
2012-10-15,36620.28125
2012-10-16,36974.23828125
2012-10-17,37274.6796875
2012-10-18,37051.94921875
2012-10-19,36783.12109375
2012-10-22,36968.5
2012-10-23,36678.03125
2012-10-24,36951.53125
2012-10-25,36995.6484375
2012-10-26,36871.7109375
2012-10-29,36993.05859375
2012-10-30,37147.01953125
2012-10-31,37156.28125
2012-11-01,37377.3203125
2012-11-02,37664.80859375
2012-11-05,37579.37890625
2012-11-06,37597.6796875
2012-11-07,37471.69140625
2012-11-08,37592.859375
2012-11-09,37344.3984375
2012-11-12,37463.19921875
2012-11-13,37394.80078125
2012-11-14,37241.7890625
2012-11-15,37026.71875
2012-11-16,36818.76171875
2012-11-19,37229.640625
2012-11-20,37306.6015625
2012-11-21,37498.01953125
2012-11-22,37844.55078125
2012-11-23,37865.58984375
2012-11-26,37766.23828125
2012-11-27,37805.80078125
2012-11-28,37438.41015625
2012-11-29,37909.30859375
2012-11-30,38104.609375
2012-12-03,38049.73828125
2012-12-04,37991.30859375
2012-12-05,38189.8203125
2012-12-06,38287.5390625
2012-12-07,38195.890625
2012-12-10,38357.0703125
2012-12-11,38535.96875
2012-12-12,38763.640625
2012-12-13,38676.69921875
2012-12-14,38674.48046875
2012-12-17,38674.48046875
2012-12-18,38879.69921875
2012-12-19,39164.83984375
2012-12-20,39220.9609375
2012-12-21,39124.578125
2012-12-24,39187.37890625
2012-12-27,39427.12890625
2012-12-28,39385.0390625
2012-12-31,39250.23828125
2013-01-02,40061.75
2013-01-03,40245.01171875
2013-01-04,40274.7890625
2013-01-07,40162.55859375
2013-01-08,40155.62109375
2013-01-09,40330.44140625
2013-01-10,40299.58984375
2013-01-11,40281.140625
2013-01-14,40144.0703125
2013-01-15,39913.078125
2013-01-16,39879.76171875
2013-01-17,39964.55859375
2013-01-18,40166.53125
2013-01-21,39989.5703125
2013-01-22,39912.44921875
2013-01-23,40185.19140625
2013-01-24,40604.58984375
2013-01-25,40538.9609375
2013-01-28,40618.3203125
2013-01-29,40652.9609375
2013-01-30,40461.1796875
2013-01-31,40482.921875
2013-02-01,40601.08984375
2013-02-04,40571.8203125
2013-02-05,40663.33984375
2013-02-06,40559.671875
2013-02-07,40694.76953125
2013-02-08,40892.6484375
2013-02-11,40832.671875
2013-02-12,40700.44921875
2013-02-13,40808.73046875
2013-02-14,40732.859375
2013-02-15,40681.33984375
2013-02-18,40512.76171875
2013-02-19,40732.51953125
2013-02-20,40428.28125
2013-02-21,39670.08984375
2013-02-22,39657.8203125
2013-02-25,39787.9609375
2013-02-26,39568.28125
2013-02-27,39275.37109375
2013-02-28,39709.55859375
2013-03-01,40134.96875
2013-03-04,39844.23828125
2013-03-05,40546.23828125
2013-03-06,40437.25
2013-03-07,40719.6796875
2013-03-08,40732.80859375
2013-03-11,40984.21875
2013-03-12,40952.4609375
2013-03-13,40876.1015625
2013-03-14,40908.578125
2013-03-15,40757.94140625
2013-03-18,40470.6484375
2013-03-19,40346.171875
2013-03-20,40318.7890625
2013-03-21,40318.7890625
2013-03-22,40063.37890625
2013-03-25,40008.69921875
2013-03-26,40253.25
2013-03-27,39882.44140625
2013-03-28,39860.83984375
2013-04-02,40041.3203125
2013-04-03,39414.33984375
2013-04-04,39064.87890625
2013-04-05,38500.2109375
2013-04-08,38582.94921875
2013-04-09,38540.80859375
2013-04-10,39070.5703125
2013-04-11,39109.98046875
2013-04-12,38630.5390625
2013-04-15,38003.69921875
2013-04-16,38429.66015625
2013-04-17,37801.671875
2013-04-18,37852.62109375
2013-04-19,38422.2109375
2013-04-22,38169.12890625
2013-04-23,38742.4296875
2013-04-24,38783.0703125
2013-04-25,39128.87109375
2013-04-26,39082.421875
2013-04-29,39025.640625
2013-04-30,38735.0
2013-05-01,38735.0
2013-05-02,39082.8515625
2013-05-03,39592.28125
2013-05-07,39821.48046875
2013-05-08,40456.62109375
2013-05-09,40337.80859375
2013-05-10,40232.05078125
2013-05-13,40407.26953125
2013-05-14,40711.3203125
2013-05-15,41014.98046875
2013-05-16,41427.76171875
2013-05-17,41413.44140625
2013-05-20,41079.55078125
2013-05-21,41815.359375
2013-05-22,41836.01953125
2013-05-23,40855.890625
2013-05-24,40998.578125
2013-05-28,41971.171875
2013-05-29,41233.0703125
2013-05-30,41941.87890625
2013-05-31,42016.44921875
2013-06-03,40957.609375
2013-06-04,40897.6796875
2013-06-05,40793.80859375
2013-06-06,40341.23828125
2013-06-07,40813.328125
2013-06-10,40933.87890625
2013-06-11,39621.0
2013-06-12,39766.53125
2013-06-13,39811.78125
2013-06-14,40323.62109375
2013-06-17,40323.62109375
2013-06-18,41003.25
2013-06-19,40784.30859375
2013-06-20,39536.078125
2013-06-21,39016.62109375
2013-06-24,38075.21875
2013-06-25,38484.19140625
2013-06-26,38946.0703125
2013-06-27,39083.30859375
2013-06-28,39578.1015625
2013-07-01,39932.828125
2013-07-02,39844.69921875
2013-07-03,39343.30859375
2013-07-04,40030.19140625
2013-07-05,39169.828125
2013-07-08,39795.171875
2013-07-09,39769.078125
2013-07-10,39638.5390625
2013-07-11,40543.0
2013-07-12,40734.890625
2013-07-15,40740.140625
2013-07-16,40385.33984375
2013-07-17,40946.0390625
2013-07-18,41147.6015625
2013-07-19,40549.3984375
2013-07-22,40894.05078125
2013-07-23,41176.5703125
2013-07-24,40886.609375
2013-07-25,40739.94921875
2013-07-26,40497.80859375
2013-07-29,40819.98046875
2013-07-30,40991.30078125
2013-07-31,41292.83984375
2013-08-01,41909.390625
2013-08-02,41700.19140625
2013-08-05,41803.9296875
2013-08-06,41573.7109375
2013-08-07,41600.03125
2013-08-08,41747.16015625
2013-08-09,41747.16015625
2013-08-12,42497.30078125
2013-08-13,42685.3515625
2013-08-14,43019.2109375
2013-08-15,42509.69921875
2013-08-16,43042.109375
2013-08-19,42920.21875
2013-08-20,42765.21875
2013-08-21,42762.37109375
2013-08-22,43014.44140625
2013-08-23,42994.921875
2013-08-26,43290.55078125
2013-08-27,43082.828125
2013-08-28,42311.0
2013-08-29,42429.359375
2013-08-30,42228.33984375
2013-09-02,42725.69921875
2013-09-03,42892.25
2013-09-04,42522.80078125
2013-09-05,42797.2109375
2013-09-06,42837.7109375
2013-09-09,42769.62109375
2013-09-10,43545.828125
2013-09-11,43419.3203125
2013-09-12,43752.30078125
2013-09-13,43602.640625
2013-09-16,43594.921875
2013-09-17,43762.87109375
2013-09-18,43371.44140625
2013-09-19,44302.94140625
2013-09-20,44094.30859375
2013-09-23,44017.73046875
2013-09-24,44017.73046875
2013-09-25,44453.87890625
2013-09-26,44350.30859375
2013-09-27,44358.73828125
2013-09-30,44031.828125
2013-10-01,43946.53125
2013-10-02,43967.83984375
2013-10-03,44006.859375
2013-10-04,43925.6796875
2013-10-07,43725.69921875
2013-10-08,43253.609375
2013-10-09,42779.87109375
2013-10-10,43321.359375
2013-10-11,43620.5703125
2013-10-14,43723.16015625
2013-10-15,44297.171875
2013-10-16,44418.01171875
2013-10-17,44514.12109375
2013-10-18,44689.2890625
2013-10-21,44926.7109375
2013-10-22,45357.80859375
2013-10-23,45035.78125
2013-10-24,45063.48828125
2013-10-25,45124.0390625
2013-10-28,45401.671875
2013-10-29,45443.87890625
2013-10-30,45611.91015625
2013-10-31,45517.55859375
2013-11-01,45561.078125
2013-11-04,45671.44140625
2013-11-05,45750.23046875
2013-11-06,46192.91015625
2013-11-07,46068.46875
2013-11-08,45481.19140625
2013-11-11,45488.1796875
2013-11-12,45448.28125
2013-11-13,44625.0
2013-11-14,44903.8515625
2013-11-15,45174.1796875
2013-11-18,45428.8515625
2013-11-19,45138.12890625
2013-11-20,45201.078125
2013-11-21,44741.55078125
2013-11-22,44435.609375
2013-11-25,44552.51171875
2013-11-26,43988.140625
2013-11-27,44564.01171875
2013-11-28,45058.21875
2013-11-29,44975.671875
2013-12-02,44659.37109375
2013-12-03,43962.828125
2013-12-04,43986.37109375
2013-12-05,44297.66015625
2013-12-06,44616.2109375
2013-12-09,44732.421875
2013-12-10,44640.98046875
2013-12-11,44436.859375
2013-12-12,43252.171875
2013-12-13,43185.73046875
2013-12-17,43848.94921875
2013-12-18,43925.37890625
2013-12-19,44327.83984375
2013-12-20,44574.25
2013-12-23,44753.19140625
2013-12-24,44912.80078125
2013-12-27,45735.26171875
2013-12-30,46131.2890625
2013-12-31,46256.23046875
2014-01-02,46589.69921875
2014-01-03,46206.08984375
2014-01-06,45897.44140625
2014-01-07,45867.51953125
2014-01-08,45696.96875
2014-01-09,45444.58984375
2014-01-10,45548.1484375
2014-01-13,46030.25
2014-01-14,45982.0703125
2014-01-15,46442.44921875
2014-01-16,46728.4609375
2014-01-17,46675.87890625
2014-01-20,46934.58984375
2014-01-21,46889.640625
2014-01-22,47000.94921875
2014-01-23,47045.44140625
2014-01-24,46462.140625
2014-01-27,45750.69921875
2014-01-28,45724.69921875
2014-01-29,45564.62109375
2014-01-30,45178.25
2014-01-31,45132.1015625
2014-02-03,44956.91015625
2014-02-04,44451.5703125
2014-02-05,44477.1796875
2014-02-06,44985.33984375
2014-02-07,45340.76171875
2014-02-10,45920.87109375
2014-02-11,45866.01953125
2014-02-12,46425.109375
2014-02-13,46251.76953125
2014-02-14,46628.73828125
2014-02-17,47027.5390625
2014-02-18,47112.4296875
2014-02-19,47438.30859375
2014-02-20,47149.3515625
2014-02-21,47452.23828125
2014-02-24,47394.0
2014-02-25,46956.75
2014-02-26,47017.19140625
2014-02-27,47049.7890625
2014-02-28,47328.921875
2014-03-03,47138.3203125
2014-03-04,47602.69140625
2014-03-05,47514.80078125
2014-03-06,47819.53125
2014-03-07,47786.76953125
2014-03-10,47322.4609375
2014-03-11,47612.80859375
2014-03-12,47188.83984375
2014-03-13,46825.51953125
2014-03-14,46412.3984375
2014-03-17,46816.6484375
2014-03-18,47059.19140625
2014-03-19,46666.5390625
2014-03-20,46508.26953125
2014-03-21,46666.5390625
2014-03-24,46875.37109375
2014-03-25,47387.55859375
2014-03-26,47652.890625
2014-03-27,47380.98046875
2014-03-28,47930.03125
2014-03-31,47770.921875
2014-04-01,48104.98046875
2014-04-02,48405.8984375
2014-04-03,48231.390625
2014-04-04,48347.75
2014-04-07,47857.94921875
2014-04-08,48069.53125
2014-04-09,48291.87890625
2014-04-10,48529.87890625
2014-04-11,48032.41015625
2014-04-14,48213.26171875
2014-04-15,47789.76171875
2014-04-16,48139.69140625
2014-04-17,48362.21875
2014-04-22,48643.30859375
2014-04-23,48647.62109375
2014-04-24,48934.51171875
2014-04-25,48910.8984375
2014-04-28,48934.51171875
2014-04-29,48935.359375
2014-04-30,48870.1015625
2014-05-01,48935.359375
2014-05-02,49091.16015625
2014-05-06,48942.01953125
2014-05-07,48880.80859375
2014-05-08,49026.94921875
2014-05-09,48852.44921875
2014-05-12,49239.2890625
2014-05-13,49199.69921875
2014-05-14,49632.23046875
2014-05-15,49454.58984375
2014-05-16,49159.76953125
2014-05-19,49507.48046875
2014-05-20,49617.0
2014-05-21,49648.12109375
2014-05-22,49891.359375
2014-05-23,49952.69140625
2014-05-27,49824.44921875
2014-05-28,49690.578125
2014-05-29,49726.640625
2014-05-30,49632.69921875
2014-06-02,49817.890625
2014-06-03,49936.5390625
2014-06-04,49960.2109375
2014-06-05,50000.4296875
2014-06-06,49933.98828125
2014-06-09,50134.53125
2014-06-10,50736.421875
2014-06-11,50659.44140625
2014-06-12,50596.171875
2014-06-13,50763.7109375
2014-06-16,50596.171875
2014-06-17,50911.05078125
2014-06-18,50693.94921875
2014-06-19,51263.5
2014-06-20,51322.671875
2014-06-23,51058.26953125
2014-06-24,50890.921875
2014-06-25,50350.609375
2014-06-26,50761.8203125
2014-06-27,50625.37109375
2014-06-30,50945.26171875
2014-07-01,51480.19140625
2014-07-02,51883.7109375
2014-07-03,51918.44140625
2014-07-04,52060.03125
2014-07-07,51877.109375
2014-07-08,51608.328125
2014-07-09,51401.4609375
2014-07-10,50994.4609375
2014-07-11,51161.328125
2014-07-14,51540.87890625
2014-07-15,51735.2890625
2014-07-16,52076.8984375
2014-07-17,51789.73828125
2014-07-18,51695.05078125
2014-07-21,51420.80859375
2014-07-22,51931.328125
2014-07-23,51910.921875
2014-07-24,51621.51953125
2014-07-25,51550.171875
2014-07-28,51927.5703125
2014-07-29,52242.12109375
2014-07-30,51770.58984375
2014-07-31,51396.0703125
2014-08-01,50917.78125
2014-08-04,51239.55859375
2014-08-05,51349.109375
2014-08-06,51091.80078125
2014-08-07,50674.609375
2014-08-08,50669.94921875
2014-08-11,51523.26953125
2014-08-12,51449.01171875
2014-08-13,51266.51171875
2014-08-14,51073.8984375
2014-08-15,51257.71875
2014-08-18,51572.19140625
2014-08-19,51363.37109375
2014-08-20,51436.58984375
2014-08-21,51443.4296875
2014-08-22,51197.16015625
2014-08-25,51437.578125
2014-08-26,51729.6796875
2014-08-27,51610.421875
2014-08-28,51133.12890625
2014-08-29,50959.01953125
2014-09-01,51113.87109375
2014-09-02,51462.5703125
2014-09-03,51793.6484375
2014-09-04,52081.21875
2014-09-05,51789.3984375
2014-09-08,51610.12890625
2014-09-09,51707.25
2014-09-10,51263.48046875
2014-09-11,51230.890625
2014-09-12,51247.7109375
2014-09-15,51376.5703125
2014-09-16,51178.0703125
2014-09-17,51173.03125
2014-09-18,51547.01953125
2014-09-19,51462.421875
2014-09-22,50485.53125
2014-09-23,50053.91015625
2014-09-24,50485.53125
2014-09-25,49503.55078125
2014-09-26,49663.640625
2014-09-29,49371.12109375
2014-09-30,49336.30859375
2014-10-01,48875.03125
2014-10-02,48189.05859375
2014-10-03,48613.19140625
2014-10-06,49166.19921875
2014-10-07,48712.44921875
2014-10-08,48033.62109375
2014-10-09,48133.51953125
2014-10-10,47092.23828125
2014-10-13,47368.33984375
2014-10-14,47686.8515625
2014-10-15,46673.37890625
2014-10-16,46881.12109375
2014-10-17,47836.69140625
2014-10-20,47599.25
2014-10-21,48530.46875
2014-10-22,48202.91015625
2014-10-23,48104.66015625
2014-10-24,47879.44921875
2014-10-27,48051.05078125
2014-10-28,48460.9296875
2014-10-29,49116.76171875
2014-10-30,48660.44140625
2014-10-31,49722.87890625
2014-11-03,50022.640625
2014-11-04,49788.3203125
2014-11-05,49717.0703125
2014-11-06,49587.23828125
2014-11-07,50079.44140625
2014-11-10,50484.08984375
2014-11-11,50355.37890625
2014-11-12,50374.8515625
2014-11-13,50588.3984375
2014-11-14,50598.01953125
2014-11-17,50511.51953125
2014-11-18,50372.05078125
2014-11-19,50150.48046875
2014-11-20,49272.05078125
2014-11-21,50855.08984375
2014-11-24,50727.21875
2014-11-25,50507.58984375
2014-11-26,50355.78125
2014-11-27,50557.828125
2014-11-28,49911.37109375
2014-12-01,48858.76171875
2014-12-02,49591.4296875
2014-12-03,49857.1796875
2014-12-04,49392.58984375
2014-12-05,49506.58984375
2014-12-08,49590.19921875
2014-12-09,48556.55078125
2014-12-10,48745.4296875
2014-12-11,48110.51953125
2014-12-12,48043.19140625
2014-12-15,47397.44140625
2014-12-16,48043.19140625
2014-12-17,47282.48046875
2014-12-18,49290.55859375
2014-12-19,49386.7109375
2014-12-22,49339.3203125
2014-12-23,49568.0
2014-12-24,49478.5703125
2014-12-29,50254.078125
2014-12-30,49755.609375
2014-12-31,49770.6015625
2015-01-02,49518.48046875
2015-01-05,47831.0390625
2015-01-06,48598.19140625
2015-01-07,48961.05859375
2015-01-08,49595.44140625
2015-01-09,48950.5
2015-01-12,48468.390625
2015-01-13,49433.0
2015-01-14,48057.4609375
2015-01-15,48524.25
2015-01-16,48458.25
2015-01-19,48996.94140625
2015-01-20,49124.76953125
2015-01-21,49588.7890625
2015-01-22,49872.69140625
2015-01-23,49816.5703125
2015-01-26,50337.98046875
2015-01-27,50711.08984375
2015-01-28,51200.5703125
2015-01-29,50945.55859375
2015-01-30,51266.80859375
2015-02-02,51394.55078125
2015-02-03,51949.328125
2015-02-04,51630.8203125
2015-02-05,51688.69921875
2015-02-06,51998.3203125
2015-02-09,52105.37890625
2015-02-10,52109.5390625
2015-02-11,52069.30078125
2015-02-12,52507.9296875
2015-02-13,52967.62890625
2015-02-16,52995.890625
2015-02-17,52833.48046875
2015-02-18,52536.23828125
2015-02-19,52835.55078125
2015-02-20,53035.26171875
2015-02-23,53336.4609375
2015-02-24,53374.87890625
2015-02-25,53217.75
2015-02-26,53331.16015625
2015-02-27,53344.19921875
2015-03-02,52952.91015625
2015-03-03,53130.33984375
2015-03-04,52891.30078125
2015-03-05,53285.6015625
2015-03-06,53346.98828125
2015-03-09,52614.078125
2015-03-10,52088.5390625
2015-03-11,51753.0703125
2015-03-12,52240.05859375
2015-03-13,51798.73828125
2015-03-16,52139.1484375
2015-03-17,52300.23828125
2015-03-18,52187.48046875
2015-03-19,52741.01953125
2015-03-20,52631.78125
2015-03-23,52559.3515625
2015-03-24,52858.12109375
2015-03-25,52313.01953125
2015-03-26,51603.9296875
2015-03-27,51810.16015625
2015-03-30,52455.359375
2015-03-31,52181.94921875
2015-04-01,52281.140625
2015-04-02,52229.3203125
2015-04-03,52281.140625
2015-04-07,52595.69140625
2015-04-08,52806.0
2015-04-09,52984.55078125
2015-04-10,53420.78125
2015-04-13,53589.30859375
2015-04-14,53311.4609375
2015-04-15,53720.5703125
2015-04-16,54262.26953125
2015-04-17,53734.0390625
2015-04-20,53839.7109375
2015-04-21,54140.9296875
2015-04-22,54281.55859375
2015-04-23,54686.5390625
2015-04-24,55188.33984375
2015-04-27,54686.5390625
2015-04-28,55039.2890625
2015-04-29,54541.73828125
2015-04-30,54440.4296875
2015-05-01,54541.73828125
2015-05-04,54639.859375
2015-05-05,54574.98828125
2015-05-06,53848.73828125
2015-05-07,53238.171875
2015-05-08,53790.5703125
2015-05-11,54161.05078125
2015-05-12,53934.41015625
2015-05-13,54053.921875
2015-05-14,53874.58984375
2015-05-15,54028.171875
2015-05-18,54409.4296875
2015-05-19,54327.12890625
2015-05-20,54192.0703125
2015-05-21,54123.890625
2015-05-22,54055.37890625
2015-05-25,53985.66015625
2015-05-26,52963.390625
2015-05-27,52933.33984375
2015-05-28,52810.359375
2015-05-29,52270.859375
2015-06-01,52073.87890625
2015-06-02,52185.609375
2015-06-03,51850.671875
2015-06-04,51323.6796875
2015-06-05,51694.25
2015-06-08,51623.30078125
2015-06-09,51080.26171875
2015-06-10,51958.26953125
2015-06-11,51881.44921875
2015-06-12,51828.76171875
2015-06-15,51297.87890625
2015-06-16,51828.76171875
2015-06-17,51595.66015625
2015-06-18,51900.53125
2015-06-19,51806.7109375
2015-06-22,52189.3203125
2015-06-23,52592.0
2015-06-24,52783.8515625
2015-06-25,52856.390625
2015-06-26,52669.75
2015-06-29,51999.921875
2015-06-30,51806.94921875
2015-07-01,51888.0390625
2015-07-02,52215.46875
2015-07-03,51967.078125
2015-07-06,51381.21875
2015-07-07,49997.7890625
2015-07-08,50235.76171875
2015-07-09,51452.359375
2015-07-10,51800.69921875
2015-07-13,52474.8203125
2015-07-14,52109.51953125
2015-07-15,52531.12890625
2015-07-16,52849.12109375
2015-07-17,52723.71875
2015-07-20,52988.3203125
2015-07-21,52901.421875
2015-07-22,51977.55859375
2015-07-23,52237.01953125
2015-07-24,51356.078125
2015-07-27,51301.55078125
2015-07-28,50758.421875
2015-07-29,51598.5390625
2015-07-30,51774.41015625
2015-07-31,52053.26953125
2015-08-03,51629.671875
2015-08-04,52437.83984375
2015-08-05,52774.2109375
2015-08-06,52464.58984375
2015-08-07,52014.9609375
2015-08-10,52464.58984375
2015-08-11,52221.171875
2015-08-12,50570.6015625
2015-08-13,51375.44140625
2015-08-14,50821.1796875
2015-08-17,50751.1015625
2015-08-18,50977.03125
2015-08-19,50140.8984375
2015-08-20,49761.671875
2015-08-21,49028.359375
2015-08-24,47631.19140625
2015-08-25,48980.83984375
2015-08-26,48359.23828125
2015-08-27,49125.078125
2015-08-28,49966.80078125
2015-08-31,49972.328125
2015-09-01,48515.12890625
2015-09-02,49228.76953125
2015-09-03,50411.08984375
2015-09-04,49102.5
2015-09-07,48847.05078125
2015-09-08,49573.48828125
2015-09-09,49723.55078125
2015-09-10,49528.12890625
2015-09-11,48930.640625
2015-09-14,49366.6015625
2015-09-15,49491.6796875
2015-09-16,51029.23828125
2015-09-17,51573.5703125
2015-09-18,51044.578125
2015-09-21,50737.140625
2015-09-22,49853.08984375
2015-09-23,50381.62890625
2015-09-24,49853.08984375
2015-09-25,50331.12109375
2015-09-28,49490.80859375
2015-09-29,49383.9296875
2015-09-30,50088.859375
2015-10-01,50516.578125
2015-10-02,50955.890625
2015-10-05,52071.30859375
2015-10-06,52070.1484375
2015-10-07,52565.421875
2015-10-08,52726.6015625
2015-10-09,53295.640625
2015-10-12,52757.6015625
2015-10-13,53063.05859375
2015-10-14,53059.05859375
2015-10-15,52966.421875
2015-10-16,52945.109375
2015-10-19,53184.0703125
2015-10-20,52880.16015625
2015-10-21,52997.96875
2015-10-22,53293.96875
2015-10-23,54298.41015625
2015-10-26,54150.69921875
2015-10-27,53770.2890625
2015-10-28,53755.73046875
2015-10-29,53406.3203125
2015-10-30,53793.73828125
2015-11-02,53860.26171875
2015-11-03,54076.0703125
2015-11-04,54609.01171875
2015-11-05,54073.01171875
2015-11-06,52964.0703125
2015-11-09,53371.23046875
2015-11-10,52565.5
2015-11-11,52594.1015625
2015-11-12,52056.671875
2015-11-13,51199.33984375
2015-11-16,51547.37890625
2015-11-17,51981.6484375
2015-11-18,51654.5390625
2015-11-19,52116.26171875
2015-11-20,52240.578125
2015-11-23,52195.98046875
2015-11-24,51817.83984375
2015-11-25,51914.55078125
2015-11-26,52229.921875
2015-11-27,51637.28125
2015-11-30,51607.828125
2015-12-01,51535.8203125
2015-12-02,51159.109375
2015-12-03,50424.890625
2015-12-04,49284.48828125
2015-12-07,49860.73828125
2015-12-08,49083.80078125
2015-12-09,49523.55859375
2015-12-10,48984.53125
2015-12-11,48067.53125
2015-12-14,48081.7109375
2015-12-15,48428.76953125
2015-12-16,48081.7109375
2015-12-17,49706.2890625
2015-12-18,48717.28125
2015-12-21,49189.98828125
2015-12-22,49780.328125
2015-12-23,50839.80859375
2015-12-24,51324.01171875
2015-12-28,51188.71875
2015-12-29,50964.44140625
2015-12-30,50805.12890625
2015-12-31,50693.76171875
2016-01-04,49316.609375
2016-01-05,49599.71875
2016-01-06,49082.2890625
2016-01-07,48052.78125
2016-01-08,48104.6796875
2016-01-11,48322.6796875
2016-01-12,48396.1796875
2016-01-13,48412.80078125
2016-01-14,47697.53125
2016-01-15,46960.37109375
2016-01-18,46876.62109375
2016-01-19,47627.76171875
2016-01-20,46329.78125
2016-01-21,46282.01953125
2016-01-22,47661.87109375
2016-01-25,47210.421875
2016-01-26,47532.3984375
2016-01-27,47923.921875
2016-01-28,48702.609375
2016-01-29,49141.94140625
2016-02-01,49055.5390625
2016-02-02,48029.23828125
2016-02-03,48535.48046875
2016-02-04,49627.53125
2016-02-05,49753.2890625
2016-02-08,49429.58984375
2016-02-09,48344.75
2016-02-10,48273.23828125
2016-02-11,47411.5703125
2016-02-12,48589.69140625
2016-02-15,49851.94921875
2016-02-16,49387.1015625
2016-02-17,50039.30859375
2016-02-18,49857.69921875
2016-02-19,48940.4296875
2016-02-22,49112.80078125
2016-02-23,48421.98828125
2016-02-24,47995.8203125
2016-02-25,48373.171875
2016-02-26,49429.3984375
2016-02-29,49415.30859375
2016-03-01,50315.08984375
2016-03-02,50966.9296875
2016-03-03,51787.01171875
2016-03-04,52200.7109375
2016-03-07,52673.7890625
2016-03-08,52247.83984375
2016-03-09,51484.4609375
2016-03-10,51533.78125
2016-03-11,51739.828125
2016-03-14,52471.71875
2016-03-15,52253.7890625
2016-03-16,52685.69921875
2016-03-17,53190.55859375
2016-03-18,53824.28125
2016-03-21,53190.55859375
2016-03-22,53392.859375
2016-03-23,52569.55078125
2016-03-24,52323.78125
2016-03-29,51787.19921875
2016-03-30,52495.4609375
2016-03-31,52250.28125
2016-04-01,51584.12890625
2016-04-04,51895.140625
2016-04-05,51226.08984375
2016-04-06,51184.3203125
2016-04-07,51146.8203125
2016-04-08,51424.48046875
2016-04-11,51428.078125
2016-04-12,52059.76171875
2016-04-13,52938.23828125
2016-04-14,52848.0
2016-04-15,53038.91015625
2016-04-18,53166.58984375
2016-04-19,53380.94140625
2016-04-20,53789.75
2016-04-21,53323.578125
2016-04-22,52925.75
2016-04-25,52985.30859375
2016-04-26,53062.94921875
2016-04-27,52985.30859375
2016-04-28,53223.98046875
2016-04-29,52957.3203125
2016-05-02,53223.98046875
2016-05-03,51912.109375
2016-05-04,51873.5
2016-05-05,51933.80078125
2016-05-06,51417.37890625
2016-05-09,51348.71875
2016-05-10,51875.26171875
2016-05-11,52130.33984375
2016-05-12,51458.48046875
2016-05-13,51602.55078125
2016-05-16,52412.6796875
2016-05-17,52528.83984375
2016-05-18,52797.23046875
2016-05-19,52370.1015625
2016-05-20,52638.25
2016-05-23,52628.62109375
2016-05-24,53050.76171875
2016-05-25,53721.87890625
2016-05-26,53921.0
2016-05-27,54105.37109375
2016-05-30,54474.08984375
2016-05-31,53905.2109375
2016-06-01,53518.359375
2016-06-02,53716.91015625
2016-06-03,54259.359375
2016-06-06,53990.76171875
2016-06-07,54305.73046875
2016-06-08,53960.1796875
2016-06-09,53353.87109375
2016-06-10,53175.1484375
2016-06-13,52511.51953125
2016-06-14,51394.30859375
2016-06-15,52026.7109375
2016-06-17,52140.609375
2016-06-20,53032.140625
2016-06-21,52955.1796875
2016-06-22,53557.19921875
2016-06-23,53585.53125
2016-06-24,51679.66015625
2016-06-27,50086.6796875
2016-06-28,51141.140625
2016-06-29,51890.421875
2016-06-30,52217.71875
2016-07-01,52357.5
2016-07-04,52454.23828125
2016-07-05,51670.16015625
2016-07-06,50811.66015625
2016-07-07,51097.48046875
2016-07-08,51276.3984375
2016-07-11,52170.37109375
2016-07-12,52547.51953125
2016-07-13,52814.87890625
2016-07-14,52837.03125
2016-07-15,53088.4609375
2016-07-18,53046.30859375
2016-07-19,52892.921875
2016-07-20,52837.859375
2016-07-21,52974.03125
2016-07-22,53005.21875
2016-07-25,53292.51953125
2016-07-26,53638.0390625
2016-07-27,53764.26171875
2016-07-28,53282.16015625
2016-07-29,52797.578125
2016-08-01,53126.80078125
2016-08-02,52532.76171875
2016-08-04,52543.37109375
2016-08-05,52348.359375
2016-08-08,52486.6484375
2016-08-10,52218.609375
2016-08-11,52321.78125
2016-08-12,52806.5
2016-08-15,52397.96875
2016-08-16,52396.3984375
2016-08-17,52309.69921875
2016-08-18,52989.66015625
2016-08-19,52771.94921875
2016-08-22,52828.9296875
2016-08-23,52957.80078125
2016-08-24,53562.80078125
2016-08-25,53482.87890625
2016-08-26,53506.62109375
2016-08-29,53563.9296875
2016-08-30,53448.69140625
2016-08-31,52733.12109375
2016-09-01,52631.328125
2016-09-02,53500.0703125
2016-09-05,53622.0
2016-09-06,53680.4296875
2016-09-07,53456.4296875
2016-09-08,53250.25
2016-09-09,53347.30078125
2016-09-12,52802.0
2016-09-13,52805.9609375
2016-09-14,52501.96875
2016-09-15,52174.26171875
2016-09-16,51832.55078125
2016-09-19,51975.890625
2016-09-20,51335.75
2016-09-21,50757.8203125
2016-09-22,51895.1796875
2016-09-23,51999.44921875
2016-09-26,51479.80078125
2016-09-27,50899.66015625
2016-09-28,51773.5
2016-09-29,52698.578125
2016-09-30,51949.828125
2016-10-03,51658.98828125
2016-10-04,52040.8515625
2016-10-05,51868.53125
2016-10-06,51610.78125
2016-10-07,51662.0703125
2016-10-10,51675.51171875
2016-10-11,51898.8203125
2016-10-12,51548.12890625
2016-10-13,50494.51171875
2016-10-14,51146.78125
2016-10-17,50769.01171875
2016-10-18,51126.7890625
2016-10-19,51504.87109375
2016-10-20,51420.66015625
2016-10-21,51629.23046875
2016-10-24,51683.390625
2016-10-25,51749.859375
2016-10-26,51552.3203125
2016-10-27,51139.66015625
2016-10-28,50797.69921875
2016-10-31,50590.078125
2016-11-01,51002.69140625
2016-11-02,50384.87109375
2016-11-03,50239.26953125
2016-11-04,49686.1015625
2016-11-07,50303.76953125
2016-11-08,50700.69921875
2016-11-09,50977.8515625
2016-11-10,51493.0
2016-11-11,50294.71875
2016-11-14,49731.890625
2016-11-15,49430.2109375
2016-11-16,50004.8203125
2016-11-17,50617.5703125
2016-11-18,50626.05859375
2016-11-21,50596.51953125
2016-11-22,51117.73828125
2016-11-23,50616.4296875
2016-11-24,50561.4296875
2016-11-25,50696.1015625
2016-11-28,50193.640625
2016-11-29,50157.28125
2016-11-30,50209.4296875
2016-12-01,49927.0
2016-12-02,49256.1015625
2016-12-05,49713.55859375
2016-12-06,48935.8984375
2016-12-07,49476.05859375
2016-12-08,50543.44140625
2016-12-09,50899.921875
2016-12-12,50527.859375
2016-12-13,50839.25
2016-12-14,50716.25
2016-12-15,49691.30859375
2016-12-19,49880.98828125
2016-12-20,50343.23828125
2016-12-21,50163.921875
2016-12-22,49833.76953125
2016-12-23,49400.55859375
2016-12-28,50322.71875
2016-12-29,50682.078125
2016-12-30,50653.5390625
2017-01-03,51020.66015625
2017-01-04,50760.23828125
2017-01-05,50474.94921875
2017-01-06,51216.0
2017-01-09,51049.7109375
2017-01-10,51740.171875
2017-01-11,52437.91015625
2017-01-12,52444.359375
2017-01-13,52794.80859375
2017-01-16,53158.5390625
2017-01-17,52817.73046875
2017-01-18,52933.28125
2017-01-19,52900.76953125
2017-01-20,52532.26171875
2017-01-23,53040.48046875
2017-01-24,53342.0390625
2017-01-25,53250.7890625
2017-01-26,53405.73828125
2017-01-27,52973.828125
2017-01-30,52660.94140625
2017-01-31,52788.12109375
2017-02-01,53104.12109375
2017-02-02,52719.578125
2017-02-03,52265.16015625
2017-02-06,52151.16015625
2017-02-07,52181.91015625
2017-02-08,51803.48046875
2017-02-09,51904.33984375
2017-02-10,52687.2890625
2017-02-13,52956.7109375
2017-02-14,52465.640625
2017-02-15,52485.16015625
2017-02-16,52586.37109375
2017-02-17,52223.5390625
2017-02-20,52558.609375
2017-02-21,52586.609375
2017-02-22,52088.55859375
2017-02-23,52183.1015625
2017-02-24,51609.859375
2017-02-27,51497.16015625
2017-02-28,51146.05078125
2017-03-01,51682.19140625
2017-03-02,51893.19140625
2017-03-03,51708.609375
2017-03-06,51498.140625
2017-03-07,51377.78125
2017-03-08,51299.98828125
2017-03-09,50910.7109375
2017-03-10,51269.5390625
2017-03-13,51855.37890625
2017-03-14,51699.4609375
2017-03-15,51701.6015625
2017-03-16,52748.96875
2017-03-17,52550.98828125
2017-03-20,52753.55859375
2017-03-22,52096.7109375
2017-03-23,52027.98046875
2017-03-24,51816.30859375
2017-03-27,51724.921875
2017-03-28,52309.23046875
2017-03-29,52444.78125
2017-03-30,52261.1796875
2017-03-31,52056.05859375
2017-04-03,52457.76171875
2017-04-04,52660.73828125
2017-04-05,52990.078125
2017-04-06,52918.421875
2017-04-07,52853.359375
2017-04-10,53139.9609375
2017-04-11,53535.16015625
2017-04-12,53551.30859375
2017-04-13,53510.21875
2017-04-18,52672.75
2017-04-19,52545.12109375
2017-04-20,52496.62109375
2017-04-21,52194.58984375
2017-04-24,52921.41015625
2017-04-25,53257.44140625
2017-04-26,53680.69140625
2017-04-28,53817.30859375
2017-05-02,53915.640625
2017-05-03,53586.62890625
2017-05-04,53406.30859375
2017-05-05,53579.01171875
2017-05-08,53696.37109375
2017-05-09,54172.76171875
2017-05-10,54254.3515625
2017-05-11,54114.0
2017-05-12,54063.33984375
2017-05-15,54052.1796875
2017-05-16,54023.12109375
2017-05-17,54001.94140625
2017-05-18,54197.12109375
2017-05-19,54427.30078125
2017-05-22,54517.05859375
2017-05-23,54548.91015625
2017-05-24,54308.671875
2017-05-25,54028.390625
2017-05-26,53996.140625
2017-05-29,53944.21875
2017-05-30,54158.0390625
2017-05-31,53562.5703125
2017-06-01,52840.6796875
2017-06-02,52889.69921875
2017-06-05,52870.12109375
2017-06-06,52251.87109375
2017-06-07,52117.8203125
2017-06-08,51958.51953125
2017-06-09,52216.9296875
2017-06-12,51564.0
2017-06-13,51625.0703125
2017-06-14,51489.16015625
2017-06-15,50831.890625
2017-06-19,51615.8984375
2017-06-20,51160.5703125
2017-06-21,51402.69140625
2017-06-22,51072.859375
2017-06-23,51503.51953125
2017-06-26,51288.7109375
2017-06-27,51432.23828125
2017-06-28,51596.83984375
2017-06-29,51355.96875
2017-06-30,51611.01171875
2017-07-03,52163.80078125
2017-07-04,52049.25
2017-07-05,52483.8984375
2017-07-06,52285.078125
2017-07-07,51900.26171875
2017-07-10,52187.921875
2017-07-11,52376.37890625
2017-07-12,52905.98046875
2017-07-13,53300.9609375
2017-07-14,53597.9609375
2017-07-17,53827.41015625
2017-07-18,53261.640625
2017-07-19,54091.109375
2017-07-20,54287.3203125
2017-07-21,54162.7109375
2017-07-24,54368.62109375
2017-07-25,54499.109375
2017-07-26,54836.19140625
2017-07-27,54888.890625
2017-07-28,54883.2109375
2017-07-31,55207.41015625
2017-08-01,55390.0703125
2017-08-02,55200.48828125
2017-08-03,55685.01171875
2017-08-04,55944.828125
2017-08-07,56163.6015625
2017-08-08,55980.05078125
2017-08-10,55700.640625
2017-08-11,55155.12890625
2017-08-14,55465.6484375
2017-08-15,54983.3203125
2017-08-16,55534.6015625
2017-08-17,55415.26953125
2017-08-18,55304.23046875
2017-08-21,55450.53125
2017-08-22,56033.9609375
2017-08-23,56162.30078125
2017-08-24,56588.98828125
2017-08-25,56655.87890625
2017-08-28,56555.62109375
2017-08-29,56409.62109375
2017-08-30,56168.0
2017-08-31,56522.109375
2017-09-01,56513.4609375
2017-09-04,56312.8515625
2017-09-05,56144.80078125
2017-09-06,55480.19921875
2017-09-07,55878.19140625
2017-09-08,55724.671875
2017-09-11,56008.76953125
2017-09-12,56366.16015625
2017-09-13,56152.5390625
2017-09-14,55850.3203125
2017-09-15,55645.1484375
2017-09-18,56050.1015625
2017-09-19,56011.16015625
2017-09-20,55867.4609375
2017-09-21,55867.33984375
2017-09-22,55839.73046875
2017-09-26,55070.37890625
2017-09-27,55214.0703125
2017-09-28,54994.3515625
2017-09-29,55579.921875
2017-10-02,55778.26953125
2017-10-03,56358.26171875
2017-10-04,56750.03125
2017-10-05,56999.7890625
2017-10-06,57231.87109375
2017-10-09,57530.109375
2017-10-10,57629.9296875
2017-10-11,57770.73046875
2017-10-12,57747.33984375
2017-10-13,57876.6015625
2017-10-16,58163.55859375
2017-10-17,57882.671875
2017-10-18,58152.41015625
2017-10-19,57896.828125
2017-10-20,57948.66015625
2017-10-23,57999.6015625
2017-10-24,57904.71875
2017-10-25,58123.12890625
2017-10-26,58576.2890625
2017-10-27,58714.0390625
2017-10-30,58879.140625
2017-10-31,58980.109375
2017-11-01,59514.109375
2017-11-02,59331.19921875
2017-11-03,59638.2109375
2017-11-06,59975.671875
2017-11-07,60182.6015625
2017-11-08,60078.03125
2017-11-09,59862.109375
2017-11-10,59776.12109375
2017-11-13,59821.48828125
2017-11-14,59518.8984375
2017-11-15,59185.2109375
2017-11-16,59549.21875
2017-11-17,60128.41015625
2017-11-20,60500.609375
2017-11-21,61211.51953125
2017-11-22,60751.1796875
2017-11-23,60298.16015625
2017-11-24,60323.94921875
2017-11-27,60157.55859375
2017-11-28,60082.7890625
2017-11-29,60418.390625
2017-11-30,59772.828125
2017-12-01,59449.37890625
2017-12-04,59607.33984375
2017-12-05,58977.23046875
2017-12-06,58010.1796875
2017-12-07,58013.1796875
2017-12-08,58012.30859375
2017-12-11,57997.328125
2017-12-12,57523.62109375
2017-12-13,57344.41015625
2017-12-14,57845.5703125
2017-12-15,57412.76171875
2017-12-18,57707.421875
2017-12-19,58170.44140625
2017-12-20,58032.08984375
2017-12-21,58771.7890625
2017-12-22,58800.23046875
2017-12-27,58844.01171875
2017-12-28,58952.890625
2017-12-29,59504.671875
2018-01-02,59731.16015625
2018-01-03,59629.640625
2018-01-04,59476.76953125
2018-01-05,59717.19921875
2018-01-08,60038.390625
2018-01-09,60113.6484375
2018-01-10,59979.62890625
2018-01-11,59606.01953125
2018-01-12,60083.12890625
2018-01-15,60240.9609375
2018-01-16,60649.6015625
2018-01-17,60924.4609375
2018-01-18,60922.55078125
2018-01-19,60912.87890625
2018-01-22,61060.28125
2018-01-23,61475.44140625
2018-01-24,61623.12890625
2018-01-25,61684.76953125
2018-01-26,61595.859375
2018-01-29,60806.8984375
2018-01-30,59546.23046875
2018-01-31,59506.12109375
2018-02-01,59258.37109375
2018-02-02,58656.8203125
2018-02-05,57113.73828125
2018-02-06,56377.2109375
2018-02-07,56886.44921875
2018-02-08,56635.69140625
2018-02-09,55902.62109375
2018-02-12,56206.76171875
2018-02-13,57208.96875
2018-02-14,57399.55078125
2018-02-15,59533.1015625
2018-02-16,59122.33984375
2018-02-19,58701.37109375
2018-02-20,57928.78125
2018-02-21,58605.96875
2018-02-22,58155.08984375
2018-02-23,58715.4609375
2018-02-26,58868.9296875
2018-02-27,59027.21875
2018-02-28,58325.08984375
2018-03-01,57923.16015625
2018-03-02,57744.69921875
2018-03-05,57912.3984375
2018-03-06,59242.859375
2018-03-07,58962.6484375
2018-03-08,58926.01171875
2018-03-09,59169.23046875
2018-03-12,59194.44921875
2018-03-13,59084.51171875
2018-03-14,58423.171875
2018-03-15,58203.76953125
2018-03-16,58101.01953125
2018-03-19,58088.421875
2018-03-20,58288.87109375
2018-03-22,57224.6015625
2018-03-23,56405.640625
2018-03-26,56176.4296875
2018-03-27,56050.7890625
2018-03-28,54763.96875
2018-03-29,55474.51953125
2018-04-03,54864.7890625
2018-04-04,54602.6796875
2018-04-05,55761.1484375
2018-04-06,55878.80859375
2018-04-09,56091.55859375
2018-04-10,56747.23828125
2018-04-11,56170.0703125
2018-04-12,56480.98046875
2018-04-13,56563.171875
2018-04-16,56733.46875
2018-04-17,56826.73828125
2018-04-18,57713.2890625
2018-04-19,57526.7890625
2018-04-20,57581.73046875
2018-04-23,57679.51171875
2018-04-24,57675.2109375
2018-04-25,56987.19140625
2018-04-26,57453.0390625
2018-04-30,58252.12109375
2018-05-02,58450.44140625
2018-05-03,57273.87890625
2018-05-04,57648.87109375
2018-05-07,57880.71875
2018-05-08,57665.23828125
2018-05-09,57915.12890625
2018-05-10,58005.62109375
2018-05-11,58422.859375
2018-05-14,58614.44921875
2018-05-15,57891.76953125
2018-05-16,58621.76953125
2018-05-17,58184.25
2018-05-18,57804.328125
2018-05-21,57821.19921875
2018-05-22,58121.83984375
2018-05-23,57043.421875
2018-05-24,56699.19921875
2018-05-25,56916.96875
2018-05-28,56857.23828125
2018-05-29,55935.75
2018-05-30,55601.62890625
2018-05-31,56157.890625
2018-06-01,57282.140625
2018-06-04,57870.890625
2018-06-05,57779.109375
2018-06-06,58081.87109375
2018-06-07,58391.640625
2018-06-08,58223.71875
2018-06-11,58146.1015625
2018-06-12,58207.8203125
2018-06-13,58437.23046875
2018-06-14,58495.671875
2018-06-15,57660.5
2018-06-18,57236.83984375
2018-06-19,56253.30859375
2018-06-20,56651.66015625
2018-06-21,56234.4296875
2018-06-22,56856.66015625
2018-06-25,55889.26171875
2018-06-26,55254.671875
2018-06-27,55369.26171875
2018-06-28,55795.19921875
2018-06-29,57610.98046875
2018-07-02,57159.58984375
2018-07-03,57488.76171875
2018-07-04,57600.01953125
2018-07-05,57414.0
2018-07-06,57313.87890625
2018-07-09,58219.91015625
2018-07-10,58027.109375
2018-07-11,57231.01171875
2018-07-12,56849.359375
2018-07-13,56364.140625
2018-07-16,55442.0390625
2018-07-17,56113.05859375
2018-07-18,56237.19921875
2018-07-19,56276.71875
2018-07-20,56990.19921875
2018-07-23,56556.80859375
2018-07-24,57054.83984375
2018-07-25,56387.87109375
2018-07-26,56743.25
2018-07-27,57162.37890625
2018-07-30,57313.140625
2018-07-31,57432.4609375
2018-08-01,57399.53125
2018-08-02,56470.71875
2018-08-03,57118.03125
2018-08-06,56861.2109375
2018-08-07,57705.640625
2018-08-08,57786.30859375
2018-08-10,57703.01953125
2018-08-13,57885.26171875
2018-08-14,57608.94140625
2018-08-15,55646.1484375
2018-08-16,56562.33984375
2018-08-17,56647.51953125
2018-08-20,57145.62109375
2018-08-21,57186.66015625
2018-08-22,58125.94921875
2018-08-23,58204.71875
2018-08-24,58797.6796875
2018-08-27,59655.55859375
2018-08-28,60039.26953125
2018-08-29,60165.51171875
2018-08-30,58802.69140625
2018-08-31,58668.48046875
2018-09-03,58711.1484375
2018-09-04,57891.8203125
2018-09-05,57102.12890625
2018-09-06,57130.48046875
2018-09-07,57068.44921875
2018-09-10,56715.26171875
2018-09-11,56174.01171875
2018-09-12,55952.05078125
2018-09-13,56166.859375
2018-09-14,56581.87890625
2018-09-17,56298.6484375
2018-09-18,56381.30078125
2018-09-19,56445.5703125
2018-09-20,56546.80078125
2018-09-21,57164.25
2018-09-25,56882.75
2018-09-26,56570.1484375
2018-09-27,55988.5703125
2018-09-28,55708.46875
2018-10-01,55789.75
2018-10-02,55472.5703125
2018-10-03,55171.5
2018-10-04,55030.6015625
2018-10-05,54409.46875
2018-10-08,54219.19921875
2018-10-09,54187.8203125
2018-10-10,52813.37109375
2018-10-11,52229.328125
2018-10-12,53473.109375
2018-10-15,52466.98046875
2018-10-16,53241.3515625
2018-10-17,52391.01953125
2018-10-18,52132.6015625
2018-10-19,52092.98046875
2018-10-22,52204.16015625
2018-10-23,51168.5
2018-10-24,50877.33984375
2018-10-25,51624.859375
2018-10-26,50837.5703125
2018-10-29,51320.51953125
2018-10-30,50756.58984375
2018-10-31,52388.87109375
2018-11-01,53578.76171875
2018-11-02,54271.19140625
2018-11-05,54915.66015625
2018-11-06,54450.55078125
2018-11-07,54700.640625
2018-11-08,54064.8203125
2018-11-09,53295.3515625
2018-11-12,52259.46875
2018-11-13,52109.80078125
2018-11-14,51999.44921875
2018-11-15,52146.0390625
2018-11-16,52096.0390625
2018-11-19,52423.53125
2018-11-20,51067.78125
2018-11-21,51318.6484375
2018-11-22,51187.3515625
2018-11-23,50697.69921875
2018-11-26,51690.12109375
2018-11-27,51353.98046875
2018-11-28,51895.12109375
2018-11-29,51737.55859375
2018-11-30,50663.94140625
2018-12-03,52079.21875
2018-12-04,52234.55078125
2018-12-05,51709.16015625
2018-12-06,50806.05859375
2018-12-07,51037.69140625
2018-12-10,50434.390625
2018-12-11,51187.98828125
2018-12-12,51598.1015625
2018-12-13,51744.16015625
2018-12-14,51560.46875
2018-12-18,51237.078125
2018-12-19,51569.76953125
2018-12-20,51347.5703125
2018-12-21,51430.359375
2018-12-24,52081.109375
2018-12-27,51551.7109375
2018-12-28,52444.890625
2018-12-31,52736.859375
2019-01-02,51264.05859375
2019-01-03,51669.94140625
2019-01-04,52202.94921875
2019-01-07,51959.30078125
2019-01-08,52165.46875
2019-01-09,53222.890625
2019-01-10,53271.01953125
2019-01-11,53653.37890625
2019-01-14,53485.58984375
2019-01-15,53533.5390625
2019-01-16,53786.73828125
2019-01-17,53436.2109375
2019-01-18,53731.5
2019-01-21,54139.05078125
2019-01-22,54078.37109375
2019-01-23,53915.1484375
2019-01-24,53639.08984375
2019-01-25,54050.23046875
2019-01-28,53767.46875
2019-01-29,54387.69921875
2019-01-30,54131.671875
2019-01-31,54156.75
2019-02-01,53930.140625
2019-02-04,53391.828125
2019-02-05,54209.41015625
2019-02-06,54574.28125
2019-02-07,53888.8515625
2019-02-08,53244.1796875
2019-02-11,53409.140625
2019-02-12,53960.51171875
2019-02-13,54543.21875
2019-02-14,54527.109375
2019-02-15,54628.41015625
2019-02-18,55259.98046875
2019-02-19,55194.62109375
2019-02-20,55691.578125
2019-02-21,55483.7890625
2019-02-22,55992.96875
2019-02-25,55878.19921875
2019-02-26,56242.80078125
2019-02-27,56297.94921875
2019-02-28,56002.078125
2019-03-01,56203.109375
2019-03-04,56217.12890625
2019-03-05,55815.4296875
2019-03-06,56073.859375
2019-03-07,55857.890625
2019-03-08,55488.7890625
2019-03-11,55580.6484375
2019-03-12,55699.80078125
2019-03-13,55829.1015625
2019-03-14,55789.44921875
2019-03-15,56040.2109375
2019-03-18,56769.859375
2019-03-19,56849.671875
2019-03-20,56145.671875
2019-03-22,56107.48046875
2019-03-25,55367.109375
2019-03-26,55638.4296875
2019-03-27,56149.30078125
2019-03-28,56059.5
2019-03-29,56462.55078125
2019-04-01,57109.640625
2019-04-02,57158.0
2019-04-03,57926.01171875
2019-04-04,57711.01953125
2019-04-05,57776.359375
2019-04-08,57985.78125
2019-04-09,57838.37109375
2019-04-10,58411.6484375
2019-04-11,58186.19140625
2019-04-12,58405.30078125
2019-04-15,58249.3515625
2019-04-16,58902.640625
2019-04-17,58908.30859375
2019-04-18,59222.46875
2019-04-23,59544.80078125
2019-04-24,59102.6796875
2019-04-25,58807.0703125
2019-04-26,58894.19140625
2019-04-29,58662.6796875
2019-04-30,58528.3984375
2019-05-02,58743.55859375
2019-05-03,59335.8984375
2019-05-06,58712.828125
2019-05-07,58043.6015625
2019-05-09,56496.078125
2019-05-10,56780.75
2019-05-13,56373.6796875
2019-05-14,56234.28125
2019-05-15,56043.2109375
2019-05-16,56537.71875
2019-05-17,56183.2109375
2019-05-20,55616.96875
2019-05-21,55523.94921875
2019-05-22,55231.05078125
2019-05-23,54271.23828125
2019-05-24,54423.55859375
2019-05-27,54488.1484375
2019-05-28,54431.62890625
2019-05-29,54997.33984375
2019-05-30,55700.58984375
2019-05-31,55650.41015625
2019-06-03,56286.30859375
2019-06-04,56500.37890625
2019-06-05,57073.37890625
2019-06-06,57090.53125
2019-06-07,58099.83984375
2019-06-10,58481.05078125
2019-06-11,58767.62890625
2019-06-12,58710.55078125
2019-06-13,58697.62890625
2019-06-14,58193.78125
2019-06-18,58629.08984375
2019-06-19,58564.71875
2019-06-20,58973.62109375
2019-06-21,58941.46875
2019-06-24,58756.01171875
2019-06-25,58343.23046875
2019-06-26,58421.71875
2019-06-27,58066.6484375
2019-06-28,58203.83984375
2019-07-01,58472.51953125
2019-07-02,58092.48046875
2019-07-03,58012.1796875
2019-07-04,57829.46875
2019-07-05,57589.8203125
2019-07-08,57731.3984375
2019-07-09,56963.80078125
2019-07-10,57597.87109375
2019-07-11,57273.140625
2019-07-12,57277.3515625
2019-07-15,57537.23046875
2019-07-16,58052.71875
2019-07-17,57636.01171875
2019-07-18,57872.53125
2019-07-19,58248.73046875
2019-07-22,58015.08984375
2019-07-23,58309.58984375
2019-07-24,57718.1015625
2019-07-25,57662.890625
2019-07-26,57570.5390625
2019-07-29,58034.76953125
2019-07-30,57241.55078125
2019-07-31,56784.609375
2019-08-01,57223.609375
2019-08-02,56273.921875
2019-08-05,54975.37890625
2019-08-06,55062.01171875
2019-08-07,55225.3203125
2019-08-08,55535.23828125
2019-08-12,55371.53125
2019-08-13,55191.96875
2019-08-14,54029.4296875
2019-08-15,53840.9296875
2019-08-16,53874.51953125
2019-08-19,54386.30859375
2019-08-20,54280.80078125
2019-08-21,54638.03125
2019-08-22,54187.9296875
2019-08-23,53995.8203125
2019-08-26,53811.890625
2019-08-27,53895.75
2019-08-28,54255.62109375
2019-08-29,54411.46875
2019-08-30,55259.5703125
2019-09-02,54785.1796875
2019-09-03,54742.0703125
2019-09-04,54907.171875
2019-09-05,55476.359375
2019-09-06,55591.08984375
2019-09-09,55523.0703125
2019-09-10,55335.80859375
2019-09-11,56243.78125
2019-09-12,56781.94140625
2019-09-13,57123.78125
2019-09-16,57853.8984375
2019-09-17,56895.23046875
2019-09-18,56220.41015625
2019-09-19,56123.828125
2019-09-20,56406.890625
2019-09-23,55622.80078125
2019-09-25,54876.828125
2019-09-26,55271.37890625
2019-09-27,55209.03125
2019-09-30,54824.96875
2019-10-01,54945.890625
2019-10-02,54003.8203125
2019-10-03,53727.2890625
2019-10-04,53993.87109375
2019-10-07,54714.75
2019-10-08,54532.6796875
2019-10-09,54339.46875
2019-10-10,55071.76953125
2019-10-11,55537.01953125
2019-10-14,55219.2109375
2019-10-15,55573.7890625
2019-10-16,56090.51171875
2019-10-17,55993.421875
2019-10-18,55722.7890625
2019-10-21,56110.78125
2019-10-22,55936.828125
2019-10-23,55571.44921875
2019-10-24,55478.44921875
2019-10-25,55141.98046875
2019-10-28,55761.98046875
2019-10-29,55716.69140625
2019-10-30,55872.6015625
2019-10-31,56425.109375
2019-11-01,56650.01171875
2019-11-04,56928.87109375
2019-11-05,57246.91015625
2019-11-06,57652.578125
2019-11-07,57483.0
2019-11-08,56617.01953125
2019-11-11,56174.9296875
2019-11-12,56399.1015625
2019-11-13,56338.328125
2019-11-14,56235.94140625
2019-11-15,56054.76953125
2019-11-18,56467.03125
2019-11-19,57372.55078125
2019-11-20,57313.44140625
2019-11-21,56540.25
2019-11-22,56759.62109375
2019-11-25,56747.87890625
2019-11-26,56053.37890625
2019-11-27,56173.859375
2019-11-28,55702.44921875
2019-11-29,55349.01171875
2019-12-02,54814.0703125
2019-12-03,54485.41015625
2019-12-04,55022.87109375
2019-12-05,54779.76171875
2019-12-06,55307.30859375
2019-12-09,55269.19921875
2019-12-10,55417.9296875
2019-12-11,55766.44921875
2019-12-12,55824.078125
2019-12-13,56749.12109375
2019-12-17,57326.1796875
2019-12-18,57767.80859375
2019-12-19,57558.921875
2019-12-20,57411.2109375
2019-12-23,57092.8515625
2019-12-24,57244.87109375
2019-12-27,57430.69921875
2019-12-30,57703.55859375
2019-12-31,57084.1015625
2020-01-02,57718.0
2020-01-03,57810.0
2020-01-06,57195.3515625
2020-01-07,57384.41015625
2020-01-08,57322.328125
2020-01-09,57128.6796875
2020-01-10,57484.83984375
2020-01-13,57572.71875
2020-01-14,57967.12890625
2020-01-15,58063.58984375
2020-01-16,58217.4296875
2020-01-17,59001.87109375
2020-01-20,58850.41015625
2020-01-21,57976.390625
2020-01-22,57918.890625
2020-01-23,56894.671875
2020-01-24,57261.0390625
2020-01-27,55902.94140625
2020-01-28,55748.23828125
2020-01-29,56370.71875
2020-01-30,56590.9296875
2020-01-31,56079.5390625
2020-02-03,55828.48828125
2020-02-04,56817.03125
2020-02-05,57426.19921875
2020-02-06,57531.48828125
2020-02-07,57276.48828125
2020-02-10,56847.73828125
2020-02-11,56981.19921875
2020-02-12,57744.12890625
2020-02-13,57835.69140625
2020-02-14,57861.76171875
2020-02-17,58187.9609375
2020-02-18,57714.66015625
2020-02-19,57940.96875
2020-02-20,57793.03125
2020-02-21,57336.2109375
2020-02-24,54881.55859375
2020-02-25,54809.51171875
2020-02-26,55047.19921875
2020-02-27,53444.828125
2020-02-28,51038.1796875
2020-03-02,51840.08984375
2020-03-03,52957.8515625
2020-03-04,52926.75
2020-03-05,52936.26953125
2020-03-06,52064.71875
2020-03-09,48819.55078125
2020-03-10,49466.01171875
2020-03-11,49074.08984375
2020-03-12,44303.46875
2020-03-13,44177.62890625
2020-03-16,40500.23046875
2020-03-17,41579.578125
2020-03-18,38604.87890625
2020-03-19,37963.01171875
2020-03-20,40272.0
2020-03-23,38267.2109375
2020-03-24,41149.3515625
2020-03-25,43278.25
2020-03-26,45046.3515625
2020-03-27,42946.828125
2020-03-30,43413.62890625
2020-03-31,44490.30859375
2020-04-01,43732.44140625
2020-04-02,45060.69140625
2020-04-03,44598.69921875
2020-04-06,46240.3515625
2020-04-07,47496.71875
2020-04-08,46689.8984375
2020-04-09,48011.55859375
2020-04-14,49874.51171875
2020-04-15,48301.28125
2020-04-16,48245.109375
2020-04-17,49134.6484375
2020-04-20,48849.51953125
2020-04-21,47628.87109375
2020-04-22,48108.48828125
2020-04-23,49601.8203125
2020-04-24,49527.23046875
2020-04-28,50029.21875
2020-04-29,50857.25
2020-04-30,50336.71875
2020-05-04,49186.58984375
2020-05-05,49184.16015625
2020-05-06,49831.98828125
2020-05-07,50019.69921875
2020-05-08,51003.578125
2020-05-11,50202.8515625
2020-05-12,50319.41015625
2020-05-13,50152.05078125
2020-05-14,49113.05859375
2020-05-15,49628.71875
2020-05-18,51382.05859375
2020-05-19,51950.140625
2020-05-20,52142.75
2020-05-21,51022.76171875
2020-05-22,50147.2109375
2020-05-25,50074.2109375
2020-05-26,50602.5
2020-05-27,50495.94921875
2020-05-28,51389.12109375
2020-05-29,50483.0
2020-06-01,50929.58984375
2020-06-02,52496.859375
2020-06-03,53645.28125
2020-06-04,53204.7890625
2020-06-05,54722.37890625
2020-06-08,54684.3203125
2020-06-09,54483.48046875
2020-06-10,53672.62890625
2020-06-11,53295.30078125
2020-06-12,53639.640625
2020-06-15,52270.19921875
2020-06-17,54027.421875
2020-06-18,53941.21875
2020-06-19,54224.3984375
2020-06-22,54230.171875
2020-06-23,55474.9296875
2020-06-24,54447.73046875
2020-06-25,53914.05078125
2020-06-26,53648.05078125
2020-06-29,54141.5
2020-06-30,54362.359375
2020-07-01,53787.71875
2020-07-02,54617.19140625
2020-07-03,54521.8984375
2020-07-06,54846.28125
2020-07-07,55243.80078125
2020-07-08,55870.69140625
2020-07-09,55787.8984375
2020-07-10,55417.890625
2020-07-13,56199.4609375
2020-07-14,55531.05078125
2020-07-15,55947.05078125
2020-07-16,55729.44921875
2020-07-17,55911.80078125
2020-07-20,56265.359375
2020-07-21,56422.140625
2020-07-22,55834.23828125
2020-07-23,56070.69921875
2020-07-24,55645.6484375
2020-07-27,56326.19921875
2020-07-28,56488.109375
2020-07-29,56707.73828125
2020-07-30,55844.8984375
2020-07-31,55721.80078125
2020-08-03,55829.3984375
2020-08-04,56248.9296875
2020-08-05,57629.359375
2020-08-06,57656.69140625
2020-08-07,56757.73046875
2020-08-11,57168.23828125
2020-08-12,57417.28125
2020-08-13,57419.4609375
2020-08-14,57077.48046875
2020-08-17,57435.078125
2020-08-18,57025.16015625
2020-08-19,56433.28125
2020-08-20,55629.98046875
2020-08-21,55949.921875
2020-08-24,56625.421875
2020-08-25,56114.23046875
2020-08-26,56572.23828125
2020-08-27,56869.671875
2020-08-28,56057.1015625
2020-08-31,55476.109375
2020-09-01,55927.69140625
2020-09-02,55861.87890625
2020-09-03,54522.3515625
2020-09-04,53878.94921875
2020-09-07,54400.28125
2020-09-08,54438.8203125
2020-09-09,55211.33984375
2020-09-10,55953.9609375
2020-09-11,56087.83984375
2020-09-14,56327.05078125
2020-09-15,56130.78125
2020-09-16,55960.73828125
2020-09-17,55035.6015625
2020-09-18,54673.6484375
2020-09-21,53319.078125
2020-09-22,53265.328125
2020-09-23,54247.80859375
2020-09-25,53587.109375
2020-09-28,54718.80078125
2020-09-29,54506.87890625
2020-09-30,54264.9609375
2020-10-01,54446.78125
2020-10-02,54219.23828125
2020-10-05,54524.05078125
2020-10-06,54203.828125
2020-10-07,54749.76953125
2020-10-08,54554.8515625
2020-10-09,55182.98828125
2020-10-12,55552.3515625
2020-10-13,55054.53125
2020-10-14,55394.23046875
2020-10-15,54843.9609375
2020-10-16,55047.26171875
2020-10-19,55161.03125
2020-10-20,55271.75
2020-10-21,55345.48828125
2020-10-22,54796.421875
2020-10-23,55339.578125
2020-10-26,54890.87890625
2020-10-27,54079.4296875
2020-10-28,52308.140625
2020-10-29,51896.96875
2020-10-30,51684.69921875
2020-11-02,52618.0390625
2020-11-03,53187.80859375
2020-11-04,53656.2109375
2020-11-05,55225.23828125
2020-11-06,56387.0390625
2020-11-09,57307.48828125
2020-11-10,57672.12109375
2020-11-11,57607.30078125
2020-11-12,57031.19140625
2020-11-13,57182.6015625
2020-11-16,57267.0
2020-11-17,57053.01171875
2020-11-18,57323.671875
2020-11-19,56753.48828125
2020-11-20,56615.28125
2020-11-23,57147.30859375
2020-11-24,57761.921875
2020-11-25,57742.19140625
2020-11-26,57923.69140625
2020-11-27,57822.5
2020-11-30,57091.890625
2020-12-01,57509.71875
2020-12-02,58281.98046875
2020-12-03,58947.48046875
2020-12-04,59419.37109375
2020-12-07,59527.69921875
2020-12-08,59159.359375
2020-12-09,59291.75
2020-12-10,59282.76953125
2020-12-11,59412.609375
2020-12-14,59508.80078125
2020-12-15,59478.26171875
2020-12-17,60544.30078125
2020-12-18,59788.12109375
2020-12-21,58714.87109375
2020-12-22,58619.75
2020-12-23,58986.71875
2020-12-24,59175.80078125
2020-12-28,59006.0703125
2020-12-29,59246.3984375
2020-12-30,59634.9296875
2020-12-31,59408.6796875
2021-01-04,60479.421875
2021-01-05,60921.37109375
2021-01-06,61857.421875
2021-01-07,63042.87890625
2021-01-08,63519.1796875
2021-01-11,63759.9296875
2021-01-12,63535.1015625
2021-01-13,63474.53125
2021-01-14,63884.76953125
2021-01-15,63549.75
2021-01-18,63713.87109375
2021-01-19,63603.26171875
2021-01-20,64108.51171875
2021-01-21,64174.87890625
2021-01-22,63987.921875
2021-01-25,64559.8515625
2021-01-26,63923.62890625
2021-01-27,62784.51953125
2021-01-28,63206.71875
2021-01-29,62472.1015625
2021-02-01,62796.6484375
2021-02-02,62733.6484375
2021-02-03,63010.609375
2021-02-04,63786.2109375
2021-02-05,64289.48046875
2021-02-08,65059.16015625
2021-02-09,65162.69140625
2021-02-10,66150.8203125
2021-02-11,65882.71875
2021-02-12,66132.2421875
2021-02-15,67124.828125
2021-02-16,67227.0625
2021-02-17,67110.0703125
2021-02-18,66575.453125
2021-02-19,67464.859375
2021-02-22,67362.8203125
2021-02-23,65921.6015625
2021-02-24,66200.7578125
2021-02-25,67483.7578125
2021-02-26,66138.046875
2021-03-01,67536.9609375
2021-03-02,68510.75
2021-03-03,68326.7890625
2021-03-04,67743.5390625
2021-03-05,68271.1875
2021-03-08,68426.171875
2021-03-09,68655.9609375
2021-03-10,68516.9921875
2021-03-11,68775.0625
2021-03-12,68209.859375
2021-03-15,67566.421875
2021-03-16,67289.3671875
2021-03-17,66494.4921875
2021-03-18,66739.7421875
2021-03-19,65911.2734375
2021-03-23,65318.51953125
2021-03-24,65257.08984375
2021-03-25,64783.62109375
2021-03-26,66833.9921875
2021-03-29,67089.3671875
2021-03-30,67291.65625
2021-03-31,66485.2890625
2021-04-01,67236.3125
2021-04-06,68063.890625
2021-04-07,67160.421875
2021-04-08,67053.96875
2021-04-09,67191.2734375
2021-04-12,66390.0234375
2021-04-13,67072.4921875
2021-04-14,67812.1484375
2021-04-15,67823.09375
2021-04-16,68698.78125
2021-04-19,68094.28125
2021-04-20,66835.5234375
2021-04-21,67145.75
2021-04-22,66971.59375
2021-04-23,67295.7421875
2021-04-26,67572.578125
2021-04-28,67740.109375
2021-04-29,67392.7265625
2021-04-30,66937.0
2021-05-03,66586.2421875
2021-05-04,66173.96875
2021-05-05,67346.1875
2021-05-06,67608.890625
2021-05-07,68519.53125
2021-05-10,68377.2265625
2021-05-11,67241.203125
2021-05-12,67424.2734375
2021-05-13,66168.6484375
2021-05-14,66598.1328125
2021-05-17,67217.109375
2021-05-18,67254.921875
2021-05-19,65855.8125
2021-05-20,66124.4375
2021-05-21,66238.9296875
2021-05-24,66054.921875
2021-05-25,66076.6796875
2021-05-26,66108.2265625
2021-05-27,66940.25
2021-05-28,67554.859375
2021-05-31,67964.0390625
2021-06-01,68922.859375
2021-06-02,69049.0390625
2021-06-03,67791.3828125
2021-06-04,67825.0234375
2021-06-07,67575.421875
2021-06-08,67644.84375
2021-06-09,67681.46875
2021-06-10,67542.84375
2021-06-11,67723.90625
2021-06-14,67941.4765625
2021-06-15,67310.5703125
2021-06-17,66585.4765625
2021-06-18,65635.2265625
2021-06-21,65563.4765625
2021-06-22,65551.7265625
2021-06-23,65819.6328125
2021-06-24,66263.4921875
2021-06-25,66215.46875
2021-06-28,65809.3515625
2021-06-29,66548.7109375
2021-06-30,66248.7421875
2021-07-01,66555.78125
2021-07-02,66323.7578125
2021-07-05,66166.859375
2021-07-06,65849.75
2021-07-07,66806.359375
2021-07-08,65243.5
2021-07-09,66385.5703125
2021-07-12,67293.328125
2021-07-13,67088.2734375
2021-07-14,67897.6015625
2021-07-15,67538.609375
2021-07-16,66529.53125
2021-07-19,64804.73828125
2021-07-20,65724.6796875
2021-07-21,66558.4609375
2021-07-22,67404.2734375
2021-07-23,68063.703125
2021-07-26,68051.046875
2021-07-27,67340.71875
2021-07-28,68525.5390625
2021-07-29,69565.2265625
2021-07-30,68970.78125
2021-08-02,68822.75
2021-08-03,68705.7265625
2021-08-04,68898.0390625
2021-08-05,68371.2265625
2021-08-06,68673.953125
2021-08-10,69602.0390625
2021-08-11,69617.15625
2021-08-12,69401.953125
2021-08-13,69384.7578125
2021-08-16,68824.703125
2021-08-17,68939.84375
2021-08-18,67905.6796875
2021-08-19,66113.4765625
2021-08-20,66011.0625
2021-08-23,66829.2109375
2021-08-24,67451.5390625
2021-08-25,67452.859375
2021-08-26,67068.7421875
2021-08-27,67646.078125
2021-08-30,67064.6875
2021-08-31,67427.9296875
2021-09-01,66976.046875
2021-09-02,66654.2421875
2021-09-03,66371.8515625
2021-09-06,66253.796875
2021-09-07,66514.90625
2021-09-08,65525.3515625
2021-09-09,64176.53125
2021-09-10,64296.05859375
2021-09-13,64652.3203125
2021-09-14,64300.4609375
2021-09-15,64385.12890625
2021-09-16,63313.75
2021-09-17,62863.640625
2021-09-20,61453.421875
2021-09-21,62362.1796875
2021-09-22,63353.05078125
2021-09-23,64049.05078125
2021-09-27,64197.359375
2021-09-28,63784.41015625
2021-09-29,64363.66015625
2021-09-30,64281.76953125
2021-10-01,63661.01953125
2021-10-04,64129.0
2021-10-05,64542.87109375
2021-10-06,63987.01953125
2021-10-07,65157.75
2021-10-08,65242.609375
2021-10-11,66101.0390625
2021-10-12,65988.1171875
2021-10-13,66012.78125
2021-10-14,66846.171875
2021-10-15,67028.859375
2021-10-18,66792.1015625
2021-10-19,66776.1484375
2021-10-20,66894.7890625
2021-10-21,66057.578125
2021-10-22,67050.5234375
2021-10-25,66980.453125
2021-10-26,67615.3125
2021-10-27,67475.09375
2021-10-28,67759.7578125
2021-10-29,67464.6875
2021-11-02,67782.203125
2021-11-03,68587.2734375
2021-11-04,68156.2109375
2021-11-05,67825.34375
2021-11-08,68049.34375
2021-11-09,67983.203125
2021-11-10,68279.3984375
2021-11-11,69131.5625
2021-11-12,69921.3671875
2021-11-15,70090.5390625
2021-11-16,70938.40625
2021-11-17,70942.34375
2021-11-18,70866.5703125
2021-11-19,70376.421875
2021-11-22,70865.8515625
2021-11-23,71015.3984375
2021-11-24,70558.890625
2021-11-25,70554.6796875
2021-11-26,68614.9765625
2021-11-29,70008.5390625
2021-11-30,70475.0234375
2021-12-01,71198.078125
2021-12-02,71020.7578125
2021-12-03,70807.6015625
2021-12-06,71016.6328125
2021-12-07,72939.25
2021-12-08,72403.8828125
2021-12-09,72207.640625
2021-12-10,71686.328125
2021-12-13,71429.8828125
2021-12-14,71544.8203125
2021-12-15,71467.171875
2021-12-17,71203.1328125
2021-12-20,70087.6328125
2021-12-21,71119.359375
2021-12-22,71359.0390625
2021-12-23,71684.1015625
2021-12-24,71570.640625
2021-12-28,72444.5234375
2021-12-29,73238.0078125
2021-12-30,73786.453125
2021-12-31,73709.390625
2022-01-03,73722.6015625
2022-01-04,75052.0625
2022-01-05,75060.921875
2022-01-06,74165.25
2022-01-07,73939.7109375
2022-01-10,73830.46875
2022-01-11,73971.4296875
2022-01-12,75884.75
2022-01-13,75925.546875
2022-01-14,75160.2109375
2022-01-17,75593.46875
2022-01-18,74955.65625
2022-01-19,76176.1484375
2022-01-20,76233.2578125
2022-01-21,74834.5234375
2022-01-24,72164.0234375
2022-01-25,72314.8125
2022-01-26,73797.328125
2022-01-27,73504.0390625
2022-01-28,73454.9609375
2022-01-31,74304.5625
2022-02-01,74889.171875
2022-02-02,75190.7421875
2022-02-03,75021.671875
2022-02-04,75206.0
2022-02-07,75679.5625
2022-02-08,76090.5234375
2022-02-09,76690.921875
2022-02-10,76585.1875
2022-02-11,76382.953125
2022-02-14,75765.15625
2022-02-15,75853.15625
2022-02-16,76502.59375
2022-02-17,76154.6875
2022-02-18,76368.34375
2022-02-21,75528.4609375
2022-02-22,75653.84375
2022-02-23,74987.046875
2022-02-24,73697.109375
2022-02-25,74205.6875
2022-02-28,76090.5078125
2022-03-01,77110.6875
2022-03-02,77536.1171875
2022-03-03,77390.8515625
2022-03-04,74734.3671875
2022-03-07,73295.8828125
2022-03-08,72398.6171875
2022-03-09,72684.8203125
2022-03-10,73889.40625
2022-03-11,73685.890625
2022-03-14,71903.71875
2022-03-15,70628.203125
2022-03-16,73484.296875
2022-03-17,74124.2734375
2022-03-18,74847.6328125
2022-03-22,75751.40625
2022-03-23,74838.09375
2022-03-24,74349.9375
2022-03-25,74324.671875
2022-03-28,74194.3515625
2022-03-29,74776.390625
2022-03-30,75425.3125
2022-03-31,75497.1484375
2022-04-01,75907.8984375
2022-04-04,75835.0703125
2022-04-05,75286.609375
2022-04-06,74359.03125
2022-04-07,74008.0703125
2022-04-08,74776.109375
2022-04-11,74426.3984375
2022-04-12,73801.8828125
2022-04-13,73128.6484375
2022-04-14,73382.828125
2022-04-19,73830.2734375
2022-04-20,73783.4296875
2022-04-21,73350.9375
2022-04-22,72264.8984375
2022-04-25,69750.671875
2022-04-26,70264.109375
2022-04-28,71534.5703125
2022-04-29,72438.25
2022-05-03,71338.9921875
2022-05-04,70357.578125
2022-05-05,69682.6484375
2022-05-06,67978.140625
2022-05-09,66769.1171875
2022-05-10,66966.7265625
2022-05-11,68416.40625
2022-05-12,67251.890625
2022-05-13,68650.65625
2022-05-16,69211.7578125
2022-05-17,69696.390625
2022-05-18,69083.4375
2022-05-19,68245.84375
2022-05-20,67575.28125
2022-05-23,68367.3671875
2022-05-24,67690.71875
2022-05-25,67585.25
2022-05-26,69483.7578125
2022-05-27,70485.4609375
2022-05-30,71958.1484375
2022-05-31,72094.8671875
2022-06-01,70849.3828125
2022-06-02,71035.0
2022-06-03,70920.453125
2022-06-06,71120.09375
2022-06-07,70318.2265625
2022-06-08,69950.2109375
2022-06-09,68910.796875
2022-06-10,67803.5078125
2022-06-13,66381.03125
2022-06-14,65683.5234375
2022-06-15,67502.09375
2022-06-17,65390.87890625
2022-06-20,66350.3125
2022-06-21,66747.2265625
2022-06-22,65712.6796875
2022-06-23,65295.421875
2022-06-24,66348.75
2022-06-27,67826.78125
2022-06-28,68058.1171875
2022-06-29,67747.40625
2022-06-30,66223.3125
2022-07-01,65661.7265625
2022-07-04,67024.8203125
2022-07-05,65005.80859375
2022-07-06,65756.359375
2022-07-07,67909.2890625
2022-07-08,68327.3984375
2022-07-11,67226.75
2022-07-12,67163.7109375
2022-07-13,66142.6875
2022-07-14,64712.87890625
2022-07-15,65088.8984375
2022-07-18,67016.140625
2022-07-19,67785.0390625
2022-07-20,67652.4609375
2022-07-21,67907.2421875
2022-07-22,68069.578125
2022-07-25,67749.7890625
2022-07-26,68421.796875
2022-07-27,68424.96875
2022-07-28,68610.75
2022-07-29,68934.0078125
2022-08-01,68642.59375
2022-08-02,68002.2265625
2022-08-03,68610.5703125
2022-08-04,68717.0234375
2022-08-05,69519.2734375
2022-08-08,70266.1328125
2022-08-10,69744.8984375
2022-08-11,71264.7734375
2022-08-12,70731.3203125
2022-08-15,70740.6328125
2022-08-16,71504.6875
2022-08-17,70967.3515625
2022-08-18,71011.3828125
2022-08-19,69719.4296875
2022-08-22,69195.6015625
2022-08-23,69772.2734375
2022-08-24,69808.7109375
2022-08-25,70340.703125
2022-08-26,70173.09375
2022-08-29,69207.0234375
2022-08-30,67900.4765625
2022-08-31,67257.140625
2022-09-01,66021.7109375
2022-09-02,67378.3125
2022-09-05,67399.390625
2022-09-06,67538.7734375
2022-09-07,66715.828125
2022-09-08,67260.2265625
2022-09-09,68708.4765625
2022-09-12,69772.40625
2022-09-13,68273.7109375
2022-09-14,67964.0234375
2022-09-15,67568.2578125
2022-09-16,66584.34375
2022-09-19,66474.859375
2022-09-20,66602.84375
2022-09-21,66208.7109375
2022-09-22,65276.96875
2022-09-23,63416.66015625
2022-09-26,63625.66015625
2022-09-27,64025.94921875
2022-09-28,63808.3203125
2022-09-29,63263.94140625
2022-09-30,63726.37109375
2022-10-03,64227.23046875
2022-10-04,66312.828125
2022-10-05,65612.7578125
2022-10-06,65832.671875
2022-10-07,65675.4765625
2022-10-10,64769.19921875
2022-10-11,64588.08984375
2022-10-12,64528.23046875
2022-10-13,64392.4296875
2022-10-14,64271.359375
2022-10-17,66190.75
2022-10-18,66350.9765625
2022-10-19,65652.5
2022-10-20,65794.28125
2022-10-21,65539.2421875
2022-10-24,64975.94921875
2022-10-25,65850.84375
2022-10-26,67103.09375
2022-10-27,67123.40625
2022-10-28,66385.578125
2022-10-31,66671.6484375
2022-11-01,67414.2734375
2022-11-02,67123.1015625
2022-11-03,66046.6484375
2022-11-04,69305.1875
2022-11-07,69439.3203125
2022-11-08,69011.453125
2022-11-09,69640.2265625
2022-11-10,70710.2734375
2022-11-11,72982.796875
2022-11-14,72822.46875
2022-11-15,72998.6875
2022-11-16,72607.4609375
2022-11-17,72155.2890625
2022-11-18,72576.859375
2022-11-21,71938.0078125
2022-11-22,72242.328125
2022-11-23,72891.453125
2022-11-24,73127.34375
2022-11-25,73151.3828125
2022-11-28,73368.25
2022-11-29,73127.921875
2022-11-30,74828.0
2022-12-01,75020.0078125
2022-12-02,74322.90625
2022-12-05,74693.421875
2022-12-06,74557.3125
2022-12-07,74011.1171875
2022-12-08,74467.2578125
2022-12-09,74548.140625
2022-12-12,74422.1796875
2022-12-13,75835.453125
2022-12-14,74294.671875
2022-12-15,72989.34375
2022-12-19,73359.6015625
2022-12-20,73040.5078125
2022-12-21,73836.90625
2022-12-22,73225.1328125
2022-12-23,73493.46875
2022-12-28,74277.5625
2022-12-29,73597.140625
2022-12-30,73048.5703125
2023-01-03,74436.4765625
2023-01-04,74567.609375
2023-01-05,75439.296875
2023-01-06,76858.9375
2023-01-09,78342.703125
2023-01-10,78000.3125
2023-01-11,78522.1015625
2023-01-12,78627.546875
2023-01-13,79333.71875
2023-01-16,79167.796875
2023-01-17,79385.109375
2023-01-18,79865.4765625
2023-01-19,79505.0625
2023-01-20,79269.7734375
2023-01-23,80128.6328125
2023-01-24,80037.0078125
2023-01-25,79725.4609375
2023-01-26,80508.96875
2023-01-27,80791.359375
2023-01-30,80324.859375
2023-01-31,79476.6015625
2023-02-01,79816.8671875
2023-02-02,79802.09375
2023-02-03,80240.921875
2023-02-06,79582.828125
2023-02-07,79534.21875
2023-02-08,79975.59375
2023-02-09,80021.09375
2023-02-10,78985.3515625
2023-02-13,79770.2109375
2023-02-14,79858.0234375
2023-02-15,79471.7578125
2023-02-16,80227.1875
2023-02-17,79271.78125
2023-02-20,79829.390625
2023-02-21,78811.046875
2023-02-22,78170.140625
2023-02-23,79010.828125
2023-02-24,76937.7734375
2023-02-27,77513.78125
2023-02-28,77733.8671875
2023-03-01,78631.453125
2023-03-02,77547.0078125
2023-03-03,78293.0078125
2023-03-06,78697.828125
2023-03-07,78556.5390625
2023-03-08,77741.828125
2023-03-09,77664.046875
2023-03-10,76454.359375
2023-03-13,75502.28125
2023-03-14,75008.6796875
2023-03-15,72895.5390625
2023-03-16,72905.5
2023-03-17,72527.921875
2023-03-20,74271.0625
2023-03-22,75243.4375
2023-03-23,75585.2265625
2023-03-24,74695.0390625
2023-03-27,75283.6796875
2023-03-28,76047.34375
2023-03-29,76480.109375
2023-03-30,76704.6328125
2023-03-31,76100.171875
2023-04-03,76614.9609375
2023-04-04,77458.578125
2023-04-05,76656.421875
2023-04-06,77113.703125
2023-04-11,77990.5390625
2023-04-12,77740.6875
2023-04-13,78462.7734375
2023-04-14,78870.359375
2023-04-17,78723.703125
2023-04-18,79294.7578125
2023-04-19,78796.859375
2023-04-20,78883.2578125
2023-04-21,77910.9609375
2023-04-24,78121.3671875
2023-04-25,77891.1328125
2023-04-26,78122.1171875
2023-04-28,78218.3671875
2023-05-02,77532.8984375
2023-05-03,78218.6015625
2023-05-04,77271.1328125
2023-05-05,78132.7734375
2023-05-08,78572.328125
2023-05-09,77776.8671875
2023-05-10,77775.0234375
2023-05-11,76997.15625
2023-05-12,78330.203125
2023-05-15,78261.6484375
2023-05-16,77973.0234375
2023-05-17,78390.7421875
2023-05-18,77667.9609375
2023-05-19,78175.8203125
2023-05-22,77962.7265625
2023-05-23,76748.2734375
2023-05-24,75621.8984375
2023-05-25,76174.609375
2023-05-26,76589.5390625
2023-05-29,76613.3515625
2023-05-30,75939.4609375
2023-05-31,75067.46875
2023-06-01,75783.25
2023-06-02,77126.0625
2023-06-05,76602.84375
2023-06-06,76840.109375
2023-06-07,77125.8515625
2023-06-08,77015.2109375
2023-06-09,76936.109375
2023-06-12,76282.1328125
2023-06-13,77827.7265625
2023-06-14,78060.21875
2023-06-15,78531.8125
2023-06-19,78014.3515625
2023-06-20,76769.21875
2023-06-21,75629.8828125
2023-06-22,75105.7890625
2023-06-23,74402.8984375
2023-06-26,74265.0390625
2023-06-27,74543.4765625
2023-06-28,74831.109375
2023-06-29,74892.5078125
2023-06-30,76027.828125
2023-07-03,76233.9296875
2023-07-04,76223.703125
2023-07-05,75909.4921875
2023-07-06,74113.21875
2023-07-07,74823.0234375
2023-07-10,74345.9765625
2023-07-11,74876.59375
2023-07-12,76544.7890625
2023-07-13,77317.2578125
2023-07-14,77750.5078125
2023-07-17,77253.5078125
2023-07-18,77098.546875
2023-07-19,77080.96875
2023-07-20,77016.828125
2023-07-21,76826.6328125
2023-07-24,76766.0703125
2023-07-25,77525.6171875
2023-07-26,77546.3828125
2023-07-27,78267.25
2023-07-28,78506.8984375
2023-07-31,78977.890625
2023-08-01,78641.90625
2023-08-02,76477.21875
2023-08-03,76747.203125
2023-08-04,76960.609375
2023-08-07,77013.7421875
2023-08-08,76837.4375
2023-08-10,77749.6796875
2023-08-11,76974.2578125
2023-08-14,76160.8671875
2023-08-15,75590.7734375
2023-08-16,74914.5234375
2023-08-17,74375.21875
2023-08-18,73080.8671875
2023-08-21,73760.2109375
2023-08-22,73277.8828125
2023-08-23,74022.578125
2023-08-24,74301.5625
2023-08-25,73836.0078125
2023-08-28,75079.609375
2023-08-29,74776.1796875
2023-08-30,75256.1875
2023-08-31,74953.7265625
2023-09-01,74786.7890625
2023-09-04,75375.21875
2023-09-05,75016.0
2023-09-06,74411.0234375
2023-09-07,73185.1171875
2023-09-08,73652.671875
2023-09-11,74106.1796875
2023-09-12,74086.6171875
2023-09-13,73302.5625
2023-09-14,74354.3671875
2023-09-15,74589.8125
2023-09-18,73908.03125
2023-09-19,73806.421875
2023-09-20,74824.09375
2023-09-21,73238.109375
2023-09-22,73398.78125
2023-09-26,72652.1015625
2023-09-27,72174.140625
2023-09-28,72505.9921875
2023-09-29,72382.890625
2023-10-02,71238.0625
2023-10-03,70773.2109375
2023-10-04,70564.6875
2023-10-05,71249.59375
2023-10-06,71657.25
2023-10-09,71648.390625
2023-10-10,73840.5
2023-10-11,73849.53125
2023-10-12,73390.8125
2023-10-13,72919.71875
2023-10-16,73146.75
2023-10-17,72831.796875
2023-10-18,71968.671875
2023-10-19,70961.328125
2023-10-20,70198.0078125
2023-10-23,70100.28125
2023-10-24,70578.25
2023-10-25,70274.34375
2023-10-26,69930.5234375
2023-10-27,69451.96875
2023-10-30,69871.15625
2023-10-31,69653.4375
2023-11-01,69740.296875
2023-11-02,71383.921875
2023-11-03,72856.1796875
2023-11-06,73293.6875
2023-11-07,71572.9921875
2023-11-08,72465.6328125
2023-11-09,72226.671875
2023-11-10,71393.296875
2023-11-13,71633.171875
2023-11-14,73443.5
2023-11-15,74800.2890625
2023-11-16,73736.609375
2023-11-17,73920.75
2023-11-20,74321.4765625
2023-11-21,74270.7421875
2023-11-22,74763.9609375
2023-11-23,75438.7109375
2023-11-24,75712.3984375
2023-11-27,75369.8828125
2023-11-28,75589.1796875
2023-11-29,75241.40625
2023-11-30,75534.359375
2023-12-01,75705.8515625
2023-12-04,75941.0625
2023-12-05,75215.4921875
2023-12-06,75400.6171875
2023-12-07,74787.0390625
2023-12-08,73790.8515625
2023-12-11,73892.296875
2023-12-12,72621.84375
2023-12-13,72640.5078125
2023-12-14,75289.859375
2023-12-18,74301.59375
2023-12-19,74842.59375
2023-12-20,74893.5
2023-12-21,75412.9296875
2023-12-22,74379.5703125
2023-12-27,76657.9375
2023-12-28,76485.7265625
2023-12-29,76893.1484375
2024-01-02,75709.140625
2024-01-03,74510.71875
2024-01-04,74522.4921875
2024-01-05,74488.203125
2024-01-08,74103.2265625
2024-01-09,73826.1484375
2024-01-10,73586.9765625
2024-01-11,73834.28125
2024-01-12,74240.7578125
2024-01-15,73675.7421875
2024-01-16,73007.6171875
2024-01-17,71693.09375
2024-01-18,72344.3984375
2024-01-19,72660.90625
2024-01-22,72351.5
2024-01-23,73337.1875
2024-01-24,74320.109375
2024-01-25,74040.5390625
2024-01-26,75084.3828125
2024-01-29,74370.53125
2024-01-30,74611.453125
2024-01-31,74555.8671875
2024-02-01,74469.953125
2024-02-02,74381.9609375
2024-02-05,74033.921875
2024-02-06,74558.5234375
2024-02-07,74313.4375
2024-02-08,73725.3828125
2024-02-09,73423.296875
2024-02-12,73722.1015625
2024-02-13,73062.59375
2024-02-14,73009.7421875
2024-02-15,73218.4375
2024-02-16,73616.0625
2024-02-19,73580.8828125
2024-02-20,72946.0078125
2024-02-21,73029.609375
2024-02-22,74112.7421875
2024-02-23,74213.390625
2024-02-26,73621.2421875
2024-02-27,73142.109375
2024-02-28,72204.53125
2024-02-29,72729.7265625
2024-03-01,72775.4921875
2024-03-04,72633.1484375
2024-03-05,72241.71875
2024-03-06,73578.1796875
2024-03-07,73604.109375
2024-03-08,73717.78125
2024-03-11,73481.7421875
2024-03-12,73484.5625
2024-03-13,74258.6328125
2024-03-14,73340.703125
2024-03-15,72990.703125
2024-03-18,72430.4609375
2024-03-19,71868.0703125
2024-03-20,72419.703125
2024-03-22,73254.1875
2024-03-25,73282.8984375
2024-03-26,73608.0703125
2024-03-27,73909.46875
2024-03-28,74535.9921875
2024-04-02,74429.4765625
2024-04-03,74097.9296875
2024-04-04,75372.9765625
2024-04-05,74774.71875
2024-04-08,75334.921875
2024-04-09,75486.921875
2024-04-10,75520.3671875
2024-04-11,75303.25
2024-04-12,75311.7578125
2024-04-15,74518.6328125
2024-04-16,72999.6015625
2024-04-17,72995.1796875
2024-04-18,73271.4296875
2024-04-19,73363.5625
2024-04-22,73551.1171875
2024-04-23,74010.828125
2024-04-24,74513.9296875
2024-04-25,74329.3671875
2024-04-26,75370.9921875
2024-04-29,76456.1484375
2024-04-30,76076.171875
2024-05-02,76046.8515625
2024-05-03,76428.328125
2024-05-06,76776.453125
2024-05-07,76929.4765625
2024-05-08,77177.4296875
2024-05-09,77539.1484375
2024-05-10,78464.21875
2024-05-13,78686.890625
2024-05-14,78632.578125
2024-05-15,79361.5703125
2024-05-16,79508.9765625
2024-05-17,79530.6328125
2024-05-20,80072.9921875
2024-05-21,79808.0703125
2024-05-22,79492.5703125
2024-05-23,78956.0703125
2024-05-24,79150.84375
2024-05-27,78920.8828125
2024-05-28,78576.140625
2024-05-30,77161.7109375
2024-05-31,76704.2578125
2024-06-03,77746.2265625
2024-06-04,76832.7421875
2024-06-05,76829.1328125
2024-06-06,77123.640625
2024-06-07,76851.78125
2024-06-10,76188.15625
2024-06-11,76077.296875
2024-06-12,77050.796875
2024-06-13,76382.0234375
2024-06-14,77053.78125
2024-06-18,79748.828125
2024-06-19,80713.71875
2024-06-20,80073.046875
2024-06-21,79767.5625
2024-06-24,80263.140625
2024-06-25,79577.5703125
2024-06-26,79252.390625
2024-06-27,78969.328125
2024-06-28,79707.109375
2024-07-01,79853.828125
2024-07-02,79435.1171875
2024-07-03,80772.78125
2024-07-04,81155.28125
2024-07-05,80797.3828125
2024-07-08,80783.5078125
2024-07-09,80620.0234375
2024-07-10,80445.3125
2024-07-11,81093.9921875
2024-07-12,81686.4921875
2024-07-15,82154.0703125
2024-07-16,81124.078125
2024-07-17,80452.578125
2024-07-18,80334.2578125
2024-07-19,79922.671875
2024-07-22,80492.09375
2024-07-23,80706.4375
2024-07-24,80595.140625
2024-07-25,80678.203125
2024-07-26,81120.5078125
2024-07-29,81011.6484375
2024-07-30,81198.640625
2024-07-31,82765.1171875
2024-08-01,81868.8203125
2024-08-02,80538.5703125
2024-08-05,79577.609375
2024-08-06,79430.046875
2024-08-07,80364.859375
2024-08-08,80739.3125
2024-08-12,80560.78125
2024-08-13,80956.21875
2024-08-14,81402.3203125
2024-08-15,82226.4296875
2024-08-16,82824.4375
2024-08-19,83799.296875
2024-08-20,83783.296875
2024-08-21,84026.1796875
2024-08-22,83620.8125
2024-08-23,84351.5703125
2024-08-26,84193.953125
2024-08-27,84553.5390625
2024-08-28,84018.6484375
2024-08-29,84239.421875
2024-08-30,83749.859375
2024-09-02,83483.359375
2024-09-03,82156.7578125
2024-09-04,81915.3828125
2024-09-05,82146.828125
2024-09-06,81364.890625
2024-09-09,81441.6328125
2024-09-10,81641.8984375
2024-09-11,80827.7890625
2024-09-12,81668.390625
2024-09-13,81978.59375
2024-09-16,82007.34375
2024-09-17,83032.7109375
2024-09-18,82718.578125
2024-09-19,83760.078125
2024-09-20,83829.9921875
2024-09-23,84777.53125
2024-09-25,85960.3203125
2024-09-26,87327.2109375
2024-09-27,87579.7109375
2024-09-30,86548.421875
2024-10-01,86619.390625
2024-10-02,87115.21875
2024-10-03,86461.046875
2024-10-04,86332.421875
2024-10-07,86308.921875
2024-10-08,85491.21875
2024-10-09,85336.8515625
2024-10-10,85392.8203125
2024-10-11,86149.453125
2024-10-14,86398.65625
2024-10-15,85949.7734375
2024-10-16,86393.0078125
2024-10-17,86582.3515625
2024-10-18,87201.4921875
2024-10-21,87076.546875
2024-10-22,86752.8828125
2024-10-23,86464.1875
2024-10-24,86937.2421875
2024-10-25,87015.8125
2024-10-28,87643.6484375
2024-10-29,87300.96875
2024-10-30,86759.0390625
2024-10-31,85384.8203125
2024-11-01,86198.5703125
2024-11-04,86223.6015625
2024-11-05,86642.859375
2024-11-06,85329.75
2024-11-07,85998.21875
2024-11-08,85124.5234375
2024-11-11,84771.53125
2024-11-12,84201.75
2024-11-13,83803.109375
2024-11-14,83834.3125
2024-11-15,83872.7421875
2024-11-18,84425.0
2024-11-19,84526.75
2024-11-20,85274.828125
2024-11-21,85522.5703125
2024-11-22,85608.46875
2024-11-25,84875.2421875
2024-11-26,85397.5
2024-11-27,85102.34375
2024-11-28,84787.40625
2024-11-29,84510.4375
2024-12-02,85731.5078125
2024-12-03,85818.796875
2024-12-04,86314.5078125
2024-12-05,86846.421875
2024-12-06,86938.4375
2024-12-09,87642.7578125
2024-12-10,87271.046875
2024-12-11,87115.953125
2024-12-12,86965.3515625
2024-12-13,87129.6484375
2024-12-17,85746.0390625
2024-12-18,85599.84375
2024-12-19,84465.3515625
2024-12-20,84603.2890625
2024-12-23,84712.3203125
2024-12-24,84935.2734375
2024-12-27,84736.1796875
2024-12-30,83945.546875
2024-12-31,84095.140625
2025-01-02,84460.59375
2025-01-03,84711.796875
2025-01-06,84745.5234375
2025-01-07,84141.5390625
2025-01-08,83152.5625
2025-01-09,83698.3203125
2025-01-10,83466.578125
2025-01-13,82045.796875
2025-01-14,82123.890625
2025-01-15,83515.2890625
2025-01-16,83658.71875
2025-01-17,84700.4375
2025-01-20,84733.171875
2025-01-21,84845.84375
2025-01-22,84654.640625
2025-01-23,83944.0703125
2025-01-24,84290.9921875
2025-01-27,84187.65625
2025-01-28,84447.75
2025-01-29,85314.7265625
2025-01-30,85685.4921875
2025-01-31,85956.6484375
2025-02-03,85490.140625
2025-02-04,86452.6328125
2025-02-05,86610.703125
2025-02-06,87191.21875
2025-02-07,87474.4921875
2025-02-10,87765.359375
2025-02-11,87562.7421875
2025-02-12,87942.1796875
2025-02-13,87841.4609375
2025-02-14,88717.1328125
2025-02-17,88399.5703125
2025-02-18,89061.671875
2025-02-19,88341.890625
2025-02-20,88873.328125
2025-02-21,88913.8125
2025-02-24,87423.2734375
2025-02-25,87753.7890625
2025-02-26,88321.7578125
2025-02-27,87325.3515625
2025-02-28,85942.7109375
2025-03-03,87564.8203125
2025-03-04,86730.8203125
2025-03-05,87717.578125
2025-03-06,88260.078125
2025-03-07,88570.15625
2025-03-10,87291.390625
2025-03-11,87091.0390625
2025-03-12,86853.8125
2025-03-13,87067.75
2025-03-14,87916.4609375
2025-03-17,88525.1015625
2025-03-18,88893.109375
2025-03-19,90149.6875
2025-03-20,89518.75
2025-03-24,88985.609375
2025-03-25,89713.0390625
2025-03-26,89926.53125
2025-03-27,89897.640625
2025-03-28,89572.578125
2025-03-31,88637.453125
2025-04-01,89950.7890625
2025-04-02,89105.7421875
2025-04-03,86082.5234375
2025-04-04,81553.65625
2025-04-07,82161.5234375
2025-04-08,84227.34375
2025-04-09,82485.8125
2025-04-10,86041.5390625
2025-04-11,86406.4609375
2025-04-14,88717.109375
2025-04-15,89521.796875
2025-04-16,89696.6875
2025-04-17,89486.7890625
2025-04-22,89912.0
2025-04-23,89846.8125
2025-04-24,90552.7734375
2025-04-25,90720.328125
2025-04-29,91311.1484375
2025-04-30,91583.390625
2025-05-02,92332.59375
2025-05-05,92063.0625
2025-05-06,92027.5078125
2025-05-07,91496.59375
2025-05-08,90890.078125
2025-05-09,91861.2109375
2025-05-12,92170.828125
2025-05-13,92638.796875
2025-05-14,92473.9765625
2025-05-15,92338.4375
2025-05-16,92618.546875
2025-05-19,92492.109375
2025-05-20,92763.21875
2025-05-21,93397.4375
2025-05-22,93135.109375
2025-05-23,93528.7421875
2025-05-26,93724.3125
2025-05-27,93764.1484375
2025-05-28,93868.8671875
2025-05-29,94726.1171875
2025-05-30,94330.84375
2025-06-02,95162.328125
2025-06-03,94882.296875
2025-06-04,95650.15625
2025-06-05,96411.7734375
2025-06-06,96366.078125
2025-06-09,96413.4765625
2025-06-10,96657.0
2025-06-11,96404.140625
2025-06-12,97029.34375
2025-06-13,95324.34375
2025-06-17,94657.0703125
2025-06-18,94992.8125
2025-06-19,94914.703125
2025-06-20,94710.4765625
2025-06-23,95128.203125
2025-06-24,95887.03125
2025-06-25,95311.21875
2025-06-26,95968.2578125
2025-06-27,95862.28125
2025-06-30,96429.7421875
2025-07-01,96911.3515625
2025-07-02,96609.3671875
2025-07-03,96937.03125
2025-07-04,97182.7109375
2025-07-07,97363.359375
2025-07-08,97255.7421875
2025-07-09,97230.0234375
2025-07-10,97364.4609375
2025-07-11,97221.578125
2025-07-14,96799.65625
2025-07-15,97019.359375
2025-07-16,97064.25
2025-07-17,97353.34375
2025-07-18,98687.0703125
2025-07-21,99653.78125
2025-07-22,99324.53125
2025-07-23,179.8000030517578
2025-07-24,99971.1171875
2025-07-25,98918.8671875
2025-07-28,98696.390625
2025-07-29,99165.0625
2025-07-30,99314.703125
2025-07-31,98519.5078125
2025-08-01,97744.1484375
2025-08-04,99312.0625
2025-08-05,99674.1015625
2025-08-06,100152.796875
2025-08-07,100643.3984375
2025-08-08,100855.203125
2025-08-11,100630.3984375
2025-08-12,101271.203125
2025-08-13,102278.3984375
2025-08-14,101993.0
2025-08-15,101950.296875
2025-08-18,101142.6015625
2025-08-19,101196.1015625
2025-08-20,101055.8984375
2025-08-21,101750.5
2025-08-22,102723.5
2025-08-25,102978.5
2025-08-26,102433.203125
2025-08-27,102006.796875
2025-08-28,101858.8984375
2025-08-29,101835.6015625
2025-09-01,101899.0
2025-09-02,101167.203125
2025-09-03,101514.8984375
2025-09-04,100433.0
2025-09-05,101532.296875
2025-09-08,102771.796875
2025-09-09,103227.703125
2025-09-10,103587.703125
2025-09-11,103927.3984375
