Price,Close,High,Low,Open,Volume
Ticker,CFR.JO,CFR.JO,CFR.JO,CFR.JO,CFR.JO
Date,,,,,
2023-04-19,300438.6875,304565.54584638326,299903.7058631415,299989.70291130943,335391
2023-04-20,302710.59375,304481.53287061356,299705.69704901543,303789.55665860645,186944
2023-04-21,302812.59375,304189.5464305882,298112.75526142743,303489.5704854816,237202
2023-04-24,308120.46875,310555.38552697556,303006.64353544026,302776.651396342,255193
2023-04-25,311021.3125,312731.2537419783,307956.4178177406,310040.3462085493,265419
2023-04-26,303653.59375,308189.4383059895,300701.69491197506,308189.4383059895,247345
2023-04-28,301528.6875,307934.4684176425,298804.7806595913,304207.59587938874,263258
2023-05-02,301989.65625,304359.5750755381,298593.77256581123,298489.7761278973,280368
2023-05-03,312290.3125,312290.3125,306089.5247093349,306089.5247093349,433400
2023-05-04,305989.5,311417.313745098,305989.5,310539.343872549,348859
2023-05-05,306411.46875,307808.42073727166,304878.5214368379,307835.4198093234,194323
2023-05-08,309822.375,311186.32822480175,306702.4819931221,306411.4919722883,215580
2023-05-09,307897.46875,311100.3591991155,304266.5929395915,307654.47706122854,309323
2023-05-10,310843.34375,315659.1786548106,308219.43370219617,309149.401821273,317308
2023-05-11,317680.09375,318853.0534812129,310903.32640266017,310904.3263683304,409450
2023-05-12,332288.625,347975.0880164761,328705.74765009026,332632.6132244959,916029
2023-05-15,330160.71875,335196.54668097233,329337.74687009724,333925.5901082428,659019
2023-05-16,327749.75,333460.5539768307,327552.75676178676,328688.7177699604,320070
2023-05-17,332665.625,332765.62158076756,324699.89737605845,328228.77671134466,323310
2023-05-18,331695.625,337487.4263789278,326963.7872712213,333321.5692407004,218395
2023-05-19,332695.625,337137.4731313889,329717.7268155614,332388.63549609715,189090
2023-05-22,329822.71875,334984.54219508904,328865.7514820903,332695.6204853237,114393
2023-05-23,316169.1875,330742.6891086565,315492.21065156715,327588.7969669176,243512
2023-05-24,306939.46875,313989.2268691969,305670.51228854456,314689.2028526633,368245
2023-05-25,319117.09375,320955.03093605855,305289.5663240925,307085.50494550774,260140
2023-05-26,325899.84375,327123.80185129144,319117.07593867654,319117.07593867654,218078
2023-05-29,327866.75,329988.67719090637,325178.8422294268,324988.8487486199,157275
2023-05-30,330271.71875,335849.5282260781,327096.82719629834,325548.88007027307,234919
2023-05-31,312983.28125,324988.8700941552,311477.3328242714,328287.75711704936,317317
2023-06-01,307188.46875,318210.0908990386,304390.56466970517,312139.2990221729,299872
2023-06-02,312990.28125,317489.12718130293,310715.3591575985,307990.4524754913,692371
2023-06-05,306416.46875,314976.17456084565,304753.52590380417,308589.394068571,218527
2023-06-06,305421.53125,307720.4524512617,303881.5840338439,309788.3815700999,365857
2023-06-07,301342.6875,305695.5385374461,300991.69951145333,303839.602051,315217
2023-06-08,299840.6875,301588.6273826417,297489.76835578337,300630.6603302557,440501
2023-06-09,293539.9375,301323.6706749276,291694.0007784023,301323.6706749276,563628
2023-06-12,296419.84375,300672.69803421124,294698.90271470073,296215.8507394241,754047
2023-06-13,303601.59375,303601.59375,293964.9240565467,299489.73468810524,762449
2023-06-14,298789.78125,304283.5933590612,296201.86975778115,302773.645,671330
2023-06-15,297239.8125,298776.7598231707,290718.0360252313,298772.7599602607,8372692
2023-06-19,299365.75,305706.5328975937,298828.7683857424,302936.6277365253,665037
2023-06-20,301275.6875,303489.6117185996,295570.8827723077,299989.73151756136,407561
2023-06-21,299570.75,301989.66723523854,296840.8434054563,296540.8536697921,196065
2023-06-22,305614.53125,305778.5256324131,298146.787055726,298146.787055726,175222
2023-06-23,305294.5625,306677.515219207,299491.7608878826,305589.5524147983,209243
2023-06-26,306632.46875,308470.40562631056,303367.5808821251,305283.51507962844,75055
2023-06-27,307426.46875,308234.44107197167,304776.55952571175,302989.620739371,118170
2023-06-28,310749.375,312140.3274411926,306777.51080415753,307426.48861460615,101791
2023-06-29,314751.21875,316395.1624395972,310338.3699043841,307768.45793220354,78907
2023-06-30,320541.0,321950.95161471464,312939.2608687514,313205.25174074725,99511
2023-07-03,312953.28125,319919.0426704429,312112.3100535325,318870.07859779795,271400
2023-07-04,311983.3125,315006.2089457249,310667.35758019384,311989.3122944672,155105
2023-07-05,310904.34375,312748.2805490447,309319.39807403146,311983.30676853,130492
2023-07-06,306514.46875,309336.3717948169,303757.56347198435,308208.4105494046,124975
2023-07-07,305052.5625,309342.4157208921,303989.59886974166,304741.57314063,80708
2023-07-10,305159.5625,309342.41943199694,300826.71069834026,309389.4178244913,73995
2023-07-11,309910.375,311767.3113365987,307283.46506125754,307889.44428580184,124939
2023-07-12,316489.15625,317985.1049948657,309688.3892621445,311576.32457652054,127217
2023-07-13,317547.09375,322149.9356640165,316333.1354437615,316489.1300860788,301066
2023-07-14,322058.96875,324155.8969254549,316412.16216593055,316459.1605561291,218772
2023-07-17,291483.0,309987.3651648582,291191.0100173932,307530.44945504697,932316
2023-07-18,294181.9375,298553.78796075354,286591.19714145013,289989.08091675676,334066
2023-07-19,290215.0625,297999.7959363425,283522.29167284,297987.7963472306,359752
2023-07-20,283090.28125,286507.1639452711,281190.34647651005,286991.1473296759,315731
2023-07-21,288785.0625,288785.0625,280218.35729237,286090.1552355477,225594
2023-07-24,283160.28125,288790.08802132995,280705.36550868297,287917.1179837863,177588
2023-07-25,280277.375,286089.1754170725,279062.4167228591,284219.2396325017,406137
2023-07-26,277326.53125,282005.37150052196,277326.53125,280189.4335020291,599035
2023-07-27,285741.21875,287756.14977659745,280227.40749409015,279332.43812991906,233858
2023-07-28,284190.28125,289990.08290816325,282240.3479338934,288990.1171050317,230373
2023-07-31,288191.15625,288934.1308722038,282480.35131405684,282791.34069158765,145581
2023-08-01,284813.25,287590.1549383301,284099.27444149525,288189.1344334903,91585
2023-08-02,284796.25,289490.08930640505,283411.29741385364,283290.301556147,396258
2023-08-03,287760.15625,289434.09898747265,281885.3572161579,284216.2774796278,315079
2023-08-04,284862.21875,290369.029663871,284063.2461841415,288464.09507318196,238072
2023-08-07,286145.1875,286573.17282351345,282945.2972307403,284020.26036806975,239592
2023-08-08,283269.28125,287934.1212029483,281662.3363830358,285212.2145894595,351776
2023-08-10,287427.15625,289457.0867293311,283800.2804625448,284989.23974329594,361488
2023-08-11,280446.375,286962.1513766865,279505.40729428147,287427.1354183009,193705
2023-08-14,280676.375,283118.2912614095,278988.4328831862,279990.3985236171,264984
2023-08-15,275940.53125,281356.345409268,275368.55087719695,280676.3687422993,135352
2023-08-16,273214.625,277729.4700790377,273091.6292204382,275490.5469047375,102447
2023-08-17,269377.75,275089.5538658139,269201.75604335027,273390.61220474634,186894
2023-08-18,262231.0,267990.80231848685,261000.04224755947,267990.80231848685,295043
2023-08-21,266868.84375,269245.76219810644,263422.96197794494,264191.9355945179,227885
2023-08-22,262472.0,266695.8551666597,262117.01217230962,266860.84950910736,202459
2023-08-23,260679.0625,264976.91514617094,260218.07830505242,263379.9698981637,64643
2023-08-24,262615.0,264831.92402446084,261701.03132234677,261582.03540042037,121042
2023-08-25,259534.09375,263071.9723430944,259534.09375,262490.9922801809,70837
2023-08-28,263229.0,263750.9821530326,260095.1071501835,261422.061780594,119855
2023-08-29,265406.90625,266265.87681872514,260991.05755210688,262266.013867735,104734
2023-08-30,268513.8125,269437.7808853897,263990.9672542017,266977.8650541574,98880
2023-08-31,268787.78125,269488.75720827427,266854.8475448015,265791.8840017978,94203
2023-09-01,263826.96875,268661.80324531626,263826.96875,266090.89125204674,93117
2023-09-04,269731.75,271285.6967099922,263827.9524608791,263827.9524608791,97410
2023-09-05,268136.8125,271380.70135066344,266543.8670810398,268341.80547607463,121888
2023-09-06,254289.28125,266608.85885186866,254028.29019853185,266490.86289756506,377103
2023-09-07,250003.4375,256001.23207836025,247882.51014076325,249992.4378767319,293685
2023-09-08,251610.390625,254966.27579638013,248562.4949151172,247998.51421289478,160135
2023-09-11,249730.4375,253617.30423111728,246280.55578599055,251264.38490559143,175984
2023-09-12,248715.484375,250416.42613744302,246991.54340001367,250746.41483915152,238706
2023-09-13,246759.546875,249871.44027234084,245654.5847271653,247255.5298843448,296597
2023-09-14,250491.421875,250491.421875,243497.66137761975,246991.54172904193,450986
2023-09-15,258191.15625,263156.98615680676,254955.26708801318,250903.40587529048,982462
2023-09-18,252498.359375,256704.21544842073,251925.3789826866,258183.16483800448,290317
2023-09-19,247830.5,255329.24281085705,247091.52534508292,255591.2338251849,281006
2023-09-20,242945.109375,247441.018869752,241484.13878517956,242898.11032111803,146348
2023-09-21,240795.140625,244201.07189148152,240227.15208731312,241995.11640884553,416819
2023-09-22,242666.109375,242944.10377237856,239229.17864194218,240645.15010484876,125661
2023-09-26,230495.359375,232041.32824959327,227551.4186461497,231995.32917570497,381879
2023-09-27,227945.421875,233408.3121566544,227617.4284625192,230875.36302917305,205022
2023-09-28,229051.390625,231760.3361108337,225956.452906781,227494.42195706235,282185
2023-09-29,231919.328125,235795.25004689035,231872.32907176757,231156.34349486523,135377
2023-10-02,230595.359375,234740.27596046997,230327.36476826755,231919.33273064828,137597
2023-10-03,230626.359375,232505.3215668373,229737.37726294925,231895.3338409082,117235
2023-10-04,231705.328125,236586.22971137142,229293.37675718032,228221.39837148268,211298
2023-10-05,238232.203125,240144.16462709664,232782.31286013246,232782.31286013246,296518
2023-10-06,238410.203125,240394.16320720958,236606.23942121668,235508.26151281642,162448
2023-10-09,233918.28125,239275.1731873309,233193.29587487123,240395.15059442638,172562
2023-10-10,239095.1875,240516.15889873484,235847.25287432037,238395.2015892932,213650
2023-10-11,227934.421875,231705.34613495826,225409.47258929472,232895.3222339639,553397
2023-10-12,226992.421875,230573.34965261104,226840.42494056915,229894.36334683115,186793
2023-10-13,221896.53125,228920.38979728008,221176.54574970933,228243.40343103456,230006
2023-10-16,221799.53125,230626.35340985173,219595.57565463203,221927.5286711466,183163
2023-10-17,219695.5625,222533.50517808375,217363.60960172964,221995.51604460628,128133
2023-10-18,222630.515625,223687.4943346172,218228.60429128676,218104.60678892865,148295
2023-10-19,224813.46875,226757.42956830637,221918.52709928143,221931.52683726393,117399
2023-10-20,222884.5,225589.44538761445,219996.55830704968,224787.46157953062,119542
2023-10-23,223795.484375,224495.47025106123,219974.56147152872,219974.56147152872,123824
2023-10-24,230295.359375,230784.34952148012,223795.4903522579,223795.4903522579,113008
2023-10-25,226895.421875,229200.37536738376,225662.44675304374,229995.35932679594,144191
2023-10-26,221555.53125,227370.4139644735,220438.5537793092,226044.44070920403,227870
2023-10-27,216844.625,220522.55079513855,215800.64606304385,221495.53116454306,161898
2023-10-30,219037.59375,219595.58252526913,216914.63645627894,216896.63681836703,144942
2023-10-31,221723.53125,222990.5057146312,217905.6081987277,218844.58927393585,102565
2023-11-01,218486.59375,222017.52254126026,217584.61194039456,221695.5290349488,143906
2023-11-02,225383.453125,225383.453125,218487.59224176753,218487.59224176753,193807
2023-11-03,227695.421875,229395.38769488363,224210.49194423857,226795.43997035574,192883
2023-11-06,225815.453125,230489.35901423148,224273.48417309695,227895.41124429856,184211
2023-11-07,225795.453125,227757.41361672388,224891.4713286094,225053.46806645815,122945
2023-11-08,231499.34375,231508.34356898261,225795.45847479958,225796.45845468654,177286
2023-11-09,232620.3125,233132.30218296614,132497.33006448147,231983.32533584096,252265
2023-11-10,219995.5625,227995.40113636362,215727.64858749998,229994.360815625,1004658
2023-11-13,216353.640625,221345.54004170749,216353.640625,218995.58739161483,473182
2023-11-14,226107.453125,226582.44357324854,216715.64198826245,217106.63412566282,226340
2023-11-15,228978.390625,234173.28605084767,227758.41518331875,226795.43456828673,317855
2023-11-16,228508.390625,229705.36648010727,225675.44776992995,229845.3636561432,113074
2023-11-17,233095.3125,234413.28599581725,227595.4231016731,228508.40474179536,149597
2023-11-20,237254.21875,239305.17741819067,233315.2981288381,233195.30054708145,135619
2023-11-21,236256.25,238494.20500526958,235665.26188198646,236996.23512238584,123665
2023-11-22,241278.140625,242747.11103973343,236845.22990443275,236695.23292539257,150992
2023-11-23,241078.140625,242731.10730640485,239435.17374203075,242685.1082336011,125463
2023-11-24,238348.203125,241592.1378392159,238177.20656638997,240995.14985389318,110209
2023-11-27,238228.203125,241114.14501474134,237295.2219111647,239944.1685729543,122179
2023-11-28,230611.359375,237351.223747756,229417.38340154738,236496.24095269572,129312
2023-11-29,231790.328125,233301.2976704901,225854.44776627785,229195.38042774866,168669
2023-11-30,235220.25,236941.21524710383,232041.31419491977,234095.27271761082,246749
2023-12-01,233088.3125,238993.19375045583,232009.33419868894,238635.20094983547,155867
2023-12-04,237345.21875,237899.20759005687,232956.30716334,235030.26538405835,156671
2023-12-05,239595.171875,240498.15367885277,235483.25473497494,237795.2081463898,168099
2023-12-06,242395.109375,243275.0916202558,239916.1593909215,240770.14216074927,202602
2023-12-07,241180.140625,244799.0677096938,239737.16969844207,242846.1070585728,273691
2023-12-08,248515.0,248983.9905641397,238994.19155399967,235295.26597456945,158526
2023-12-11,254016.890625,254016.890625,246800.0357870701,248994.99163704325,133985
2023-12-12,255550.859375,257494.82027055713,251942.93195155857,253327.90409165458,104322
2023-12-13,260421.75,261667.7248816367,250944.9410487392,255994.83924477876,301678
2023-12-14,263908.65625,265726.6194390029,259391.7477105468,261994.69500481218,574339
2023-12-18,256467.828125,262342.7096534041,253336.89126279863,262344.7096130733,186816
2023-12-19,253298.890625,256468.8266831801,251171.9335285492,256468.8266831801,203300
2023-12-20,252267.921875,257646.81359851232,251516.93699224154,251694.93340919362,61992
2023-12-21,250208.96875,252197.92875561022,247122.03082274075,252267.92734806507,371368
2023-12-22,249673.96875,252285.91611591785,247122.02017502973,252281.91619652134,109533
2023-12-27,253623.890625,255093.86101174107,251534.93270805982,249695.96975485107,128299
2023-12-28,255347.859375,257904.8078988939,253770.89112228953,251494.93694145948,214271
2023-12-29,256755.828125,256822.82677543513,253984.8839405858,254995.86357625623,63833
2024-01-02,251145.9375,256755.82441812893,251145.9375,254994.85991495158,44850
2024-01-03,245172.0625,252622.91244794577,244459.07685875916,254894.8666932461,113186
2024-01-04,246852.03125,247697.01424179788,242795.11290949822,242796.11288937015,101206
2024-01-05,246371.03125,249610.96590779946,242495.1094186325,249610.96590779946,67909
2024-01-08,247152.03125,249684.98032753472,244351.087560235,246371.04695092593,168300
2024-01-09,244799.0625,249967.95824542287,244799.0625,248292.99202882714,145651
2024-01-10,246001.046875,248315.0002845459,244426.07858630735,245894.0490293555,107713
2024-01-11,243704.09375,248295.00132586402,242465.1186930417,247495.01743113712,228111
2024-01-12,240197.171875,243273.1100465702,234000.29643637178,242545.12467956656,352400
2024-01-15,241052.140625,242242.1166362494,239710.1676778599,240749.14673306,113465
2024-01-16,237842.203125,240000.15960266735,235880.24269442383,239995.15970350686,172305
2024-01-17,230070.359375,237926.20091906172,230070.359375,237926.20091906172,171603
2024-01-18,255025.859375,255541.84897405855,240495.15227438038,240095.16033712568,587736
2024-01-19,256619.828125,259773.76456106917,252024.92073002923,254992.86091463713,253005
2024-01-22,258144.796875,259980.75986962524,255848.84315187394,254294.87447341662,114770
2024-01-23,262433.71875,262433.71875,257622.81556523612,258595.79598485268,92098
2024-01-24,265312.65625,266994.62237296376,258197.799552683,262369.71552474296,116485
2024-01-25,263694.6875,265312.6549037732,262894.7036167994,265994.6411642017,64905
2024-01-26,279994.375,279994.375,263174.71290178574,261794.740625,352756
2024-01-29,280656.34375,281194.3329075543,277019.4170473514,280993.3369583565,139653
2024-01-30,284570.28125,287265.2270921257,278995.3932834506,281089.3512030837,154656
2024-01-31,281574.3125,284155.2603676131,278495.37469125114,284994.24342105264,175358
2024-02-01,278696.375,280874.33104175783,275194.44568033237,278148.3860602005,137700
2024-02-02,280594.34375,282619.302930662,278633.3832792454,280294.3497973094,181329
2024-02-05,280043.375,280744.36091987474,278202.41197790386,278495.406092773,103080
2024-02-06,279247.375,283354.29227259866,278246.39516316744,282719.3050634192,64843
2024-02-07,280876.34375,282601.3090128817,278436.392885402,279994.3615112396,130485
2024-02-08,286809.21875,288515.18436263356,277994.39643149765,278105.3941941016,169513
2024-02-09,289705.15625,292366.1025750662,287095.20889621467,288294.18471122946,125486
2024-02-12,291895.09375,294009.050975866,289546.14127906377,290105.1299684011,117047
2024-02-13,285365.25,292993.09630183165,283848.28056635044,290105.154492748,92986
2024-02-14,288715.15625,289794.13441090187,283994.25180364435,283994.25180364435,90116
2024-02-15,292794.09375,293742.0746273053,284994.25108862703,284994.25108862703,169507
2024-02-16,292866.09375,296824.0139303604,292695.09719849884,296032.02990235493,156134
2024-02-19,293730.09375,294222.08385718806,289682.1751445175,292994.1085490032,57923
2024-02-20,288694.15625,292494.0793319189,285994.21090232074,293730.054313301,67260
2024-02-21,287236.21875,291162.1397323511,284498.2738570613,288834.18658744195,100540
2024-02-22,295007.0625,295007.0625,288294.19760739355,289980.1636745669,126025
2024-02-23,303078.875,303911.858166026,293773.06306357955,294279.0528379003,88719
2024-02-26,301552.9375,302278.9229045975,298704.99475579406,301299.9425862767,57048
2024-02-27,297986.0,300331.9527638326,297761.00453032297,299492.96965690353,83404
2024-02-28,300298.9375,301293.91741313,295235.0397310651,294994.04459632706,95126
2024-02-29,306743.8125,307595.79531418096,302028.90760696825,302273.9026650367,206189
2024-03-01,305693.84375,309020.776750184,303081.89635099773,304993.8578467452,143277
2024-03-04,305664.84375,308970.77716676996,305143.85424300143,307793.8008716888,107458
2024-03-05,303943.875,305566.8422943741,302193.9102648462,303914.8755843889,90871
2024-03-06,302243.9375,305372.87473883375,300588.97069582297,300294.9765928453,140698
2024-03-07,307679.8125,307679.8125,299748.9719907227,300105.9648115286,117452
2024-03-08,307565.8125,308892.7858044214,304902.86607221235,307993.80388982093,115991
2024-03-11,306122.8125,309493.7443651206,304789.83944268594,308493.76457718806,115007
2024-03-12,309216.78125,310385.7577403686,304832.8694161455,303334.89954226,158901
2024-03-13,312056.71875,314184.6759173027,309835.7634546149,310093.75826155295,88519
2024-03-14,315993.65625,318883.5982327927,310688.76274871436,311217.7521289557,190234
2024-03-15,310343.75,314996.65629531175,309649.76397615595,312070.7152207185,403309
2024-03-18,304113.875,311432.72759478167,303216.89306564844,310393.7485203209,188318
2024-03-19,296001.03125,304298.86392731,295658.0381663271,301884.9126037349,387683
2024-03-20,288794.15625,290894.11375735805,284833.2363992166,290105.1297224506,483801
2024-03-22,285433.25,289506.1679518216,283278.2934112017,286804.2223820151,195518
2024-03-25,281994.3125,284623.259477172,279864.3554587766,285433.24314073584,198157
2024-03-26,283094.28125,284612.25058570295,280036.34302300424,282194.2994304133,230446
2024-03-27,284325.28125,285769.25220682495,279869.3708735373,283232.3032335113,185106
2024-03-28,288739.15625,290289.1248804092,284810.2357668531,284357.244934869,67014
2024-04-02,279996.375,287923.2157533696,279996.375,288739.19936062954,110348
2024-04-03,284765.28125,285994.2565693136,279994.37706086645,279994.37706086645,126600
2024-04-04,283925.28125,284765.26433127676,280388.3524899095,284765.26433127676,119193
2024-04-05,278314.375,282494.29051990516,275762.4265773211,280994.32083572866,127949
2024-04-08,277767.40625,281294.3352238158,275595.4499894023,282894.3030032616,110614
2024-04-09,272471.5,277767.3930992341,272471.5,277767.3930992341,210860
2024-04-10,274406.46875,278995.37625074247,271469.52795033104,277494.4065060019,123993
2024-04-11,271178.53125,274765.45891385095,270173.5515170281,274406.4661535157,150908
2024-04-12,265518.65625,278994.38504146517,263701.692817669,278994.38504146517,132301
2024-04-15,270994.53125,272888.49302928965,265612.6398581642,263495.6825789898,104937
2024-04-16,266956.625,271288.53777972143,266164.6409460897,267994.6041009582,99995
2024-04-17,274094.5,275187.4780682233,268611.6100200657,265994.6625319227,625340
2024-04-18,269839.5625,274357.47146023647,268308.5933503493,273994.47877485224,211809
2024-04-19,267794.59375,269838.5524864638,265370.64268483943,267494.599806292,591544
2024-04-22,267069.625,270499.55596976506,265479.65699943836,269251.5810863053,263209
2024-04-23,270694.5625,271720.5418909309,266940.63790589216,264994.6769948282,305837
2024-04-24,272684.5,275686.4394513917,269084.5726099234,269594.5623235175,256389
2024-04-25,266038.65625,271574.5450541076,262298.73137150245,270794.5607211589,128178
2024-04-26,267519.59375,270694.5295883562,264696.65079828986,266038.6236786282,104915
2024-04-29,265042.65625,268901.57844699355,264713.66288311454,267514.6064109142,86782
2024-04-30,264781.65625,267994.59140743315,263444.6832324189,267989.59150833974,246043
2024-05-02,261184.75,264932.67466403765,259994.77391936904,262757.71838221216,238963
2024-05-03,269025.59375,270503.5640491941,263818.6983860596,264494.68480165856,215735
2024-05-06,268730.59375,270745.55321358604,267874.61097043194,269025.5878153885,50687
2024-05-07,269994.5625,270593.5504368056,267105.62068125,269994.5625,127809
2024-05-08,272489.5,273332.4829850089,270100.5482192334,270793.5342318208,93082
2024-05-09,271569.53125,273582.4907138912,268085.60140787537,272297.5165901455,92755
2024-05-10,275656.4375,277576.39875690156,272806.49500928674,273792.4751130914,210291
2024-05-13,272079.5,277257.39533050335,271997.50165757025,274994.4410753992,74684
2024-05-14,276328.4375,278093.40197121055,271856.5275196863,275994.444223295,173803
2024-05-15,276968.4375,277991.4169549759,273252.512128846,276823.4404120513,142797
2024-05-16,276832.4375,278089.41224312596,272412.52631096524,274251.48935997766,113327
2024-05-17,290994.15625,293603.10385706613,282193.33298829466,282294.33096005156,332047
2024-05-20,289326.15625,291078.12086418027,283382.2763032606,287744.1882022642,146546
2024-05-21,283667.28125,289994.15369985864,282822.29828490905,287712.19970419287,164314
2024-05-22,279471.375,285848.2466508872,279116.38214504236,284361.27657955757,83395
2024-05-23,286805.21875,287168.21143300814,281503.32562242646,280493.3459809988,138662
2024-05-24,287956.21875,289201.19375484006,284937.27936075337,285947.2590835553,100473
2024-05-27,289444.15625,289913.1467812878,287662.1922270686,288325.1788416609,76292
2024-05-28,289738.15625,293221.0860025359,288526.1806944234,291085.1290828067,147128
2024-05-30,293610.09375,294020.0855026207,288944.18760919874,289494.1765456412,121569
2024-05-31,298344.0,298344.0,292992.10763197584,296221.0426948215,200151
2024-06-03,295785.03125,302493.89586946525,295785.03125,301978.9062616214,112527
2024-06-04,302078.9375,303673.9054901766,297089.0376435854,296986.03971067746,234034
2024-06-05,309803.75,311393.7179238888,303146.88429602014,303242.8823593493,329391
2024-06-06,316722.59375,317991.56808284845,311388.701636987,310805.71342890925,222858
2024-06-07,317207.59375,319438.5486941584,313903.66047545976,316723.60352455283,133007
2024-06-10,309533.75,313820.6634401047,308700.7668193125,312029.69960263616,127969
2024-06-11,307375.8125,310652.7465350525,305868.8428354214,309544.76883873326,123165
2024-06-12,306555.8125,308556.77211277816,302802.8882487474,304468.85462300444,232640
2024-06-13,302120.9375,306555.848507002,299993.9801805201,306555.848507002,175751
2024-06-14,295838.03125,301437.9182681582,292405.1005119041,302993.8868753465,251667
2024-06-18,288147.21875,294581.0896638461,286501.2517739057,294581.0896638461,291352
2024-06-19,286203.21875,288244.17752302514,285134.2403431583,288244.17752302514,373777
2024-06-20,281616.3125,287836.186883926,280555.33392743644,286203.2198631943,589743
2024-06-21,277494.40625,280572.3442047297,275442.4476135135,280149.3527314189,357228
2024-06-24,286536.21875,288264.183886001,278323.38445487485,278994.3709168289,201901
2024-06-25,291676.125,296152.034845311,278574.3888978408,285495.2494964551,364402
2024-06-26,289296.15625,296841.00384492247,287438.1937806341,292794.0855922185,115599
2024-06-27,291480.125,293567.08293580136,288716.1807093651,289314.1686564706,90183
2024-06-28,284986.25,290592.1368933163,282894.2922082023,290592.1368933163,125336
2024-07-01,282252.3125,285644.2441511844,280190.3540493095,285627.24449373444,122120
2024-07-02,289044.15625,290195.13298012887,283068.27706733264,285366.23060845875,185767
2024-07-03,285980.21875,291248.1122565877,285980.21875,290060.1362721864,154307
2024-07-04,283436.28125,288523.1786142535,283436.28125,286955.2102503554,162778
2024-07-05,283494.28125,286877.21300826716,282540.3004940476,284696.2570033069,100578
2024-07-08,278860.375,282673.2980880602,278860.375,287494.2008437744,103262
2024-07-09,278259.375,282494.28939140745,276367.41324591666,278323.3737062692,105635
2024-07-10,279794.375,279610.3786990708,276482.44158327376,281093.34888536454,71942
2024-07-11,283744.28125,285261.2506761013,279794.36085903086,279575.36527279735,121772
2024-07-12,286765.21875,287217.2096377641,283018.2942888228,284093.2726170228,159477
2024-07-15,279871.375,284994.2720373593,277988.4128447497,284994.2720373593,435703
2024-07-16,278841.375,285437.2419431624,276795.41627263336,284830.2541877804,231791
2024-07-17,281094.34375,281243.34075184545,276052.4452043312,278955.3867906217,200498
2024-07-18,279295.375,281835.3238455108,278174.3975764498,281094.33876892674,228059
2024-07-19,273707.5,278244.40883334004,273107.51205642405,278623.4012176988,132883
2024-07-22,276772.4375,279286.3869753015,275049.47212770703,279286.3869753015,108922
2024-07-23,279044.375,281312.3292823867,276994.41632323957,279294.36996058055,228195
2024-07-24,275595.4375,278698.37487164413,271547.5192014452,276494.41935533617,328766
2024-07-25,273018.5,274863.4628329378,272127.51794897154,273220.4959307607,109738
2024-07-26,278175.375,278613.3661433563,271920.50148015143,273018.4792778802,84332
2024-07-29,277917.375,279229.3484458825,274827.4375398042,275478.4243639425,149566
2024-07-30,278194.375,280483.3287180985,276494.4093727534,276571.4078158699,175797
2024-07-31,276818.4375,283254.30817504984,274492.4842386318,276660.4406748512,175380
2024-08-01,267444.59375,278522.3698186577,266795.6068689241,278523.36979844363,122120
2024-08-02,269994.5625,272499.51205208333,266049.64194791665,265004.6629930556,287674
2024-08-05,269481.5625,272249.5066494395,267294.6066275924,266274.62720836257,304810
2024-08-06,265601.65625,269481.5781882396,262829.7120198969,269794.5718909893,147610
2024-08-07,267112.625,267301.6211969055,262489.71802489914,263546.6967557409,135414
2024-08-08,266627.625,266627.625,261940.71948427238,264994.6579193123,117936
2024-08-12,268510.59375,269602.57176387997,266532.63357467524,267186.6204071638,83407
2024-08-13,269551.5625,269950.5544513776,265600.64219951624,269347.5666150851,131104
2024-08-14,271470.53125,274131.47764546867,268794.58515669894,268182.5974851368,132151
2024-08-15,274044.5,275316.47447181167,269244.59633278596,271470.55165845645,177931
2024-08-16,272694.5,276906.41504950495,272694.5,271794.51815181517,278583
2024-08-19,277968.375,278968.3547642945,272694.48172311083,272694.48172311083,238434
2024-08-20,283106.28125,283645.270362414,277994.38451037044,277994.38451037044,122827
2024-08-21,283994.28125,287107.21856525086,282009.3212208407,283154.2981646127,166604
2024-08-22,291006.15625,292432.1276147977,286432.24809951993,286432.24809951993,112756
2024-08-23,288044.21875,290989.15964296565,286753.2446607577,290393.1716048646,122364
2024-08-26,286262.21875,291071.121631107,285835.227373366,288044.1827620883,104492
2024-08-27,283682.28125,288751.1790661087,283017.29465546214,286638.2216612088,145369
2024-08-28,281543.3125,285280.23700981005,281543.3125,283994.26298797014,129605
2024-08-29,279494.375,282276.31901162793,278778.3894096601,279994.36493738816,112747
2024-08-30,279757.375,282994.3099158931,278120.4079140201,283894.29182021925,97816
2024-09-02,278442.375,280269.33809230087,276792.4083320764,283456.2737108904,58545
2024-09-03,280106.375,282796.32098142884,278442.40841520537,278442.40841520537,147588
2024-09-04,261794.71875,272994.4928141711,260682.74118220014,274116.47018024256,251207
2024-09-05,258478.796875,264978.6660339712,257257.82145298403,261794.7301259459,185349
2024-09-06,253097.890625,257301.80575910548,253097.890625,257094.809937802,146422
2024-09-09,251846.921875,255000.8582804832,251496.92893209605,253294.89267878557,61289
2024-09-10,250604.953125,254576.87313542457,249495.9754584439,251494.93520185747,68759
2024-09-11,250400.953125,254665.86716491167,249440.97247357792,251230.936396542,124302
2024-09-12,249994.96875,254371.880662875,249468.97933575,254194.884225,193297
2024-09-13,252555.90625,253963.8778528999,250280.95213309853,250340.95092299485,152984
2024-09-16,248263.0,252318.91831407993,248263.0,252056.9235906359,87216
2024-09-17,249971.96875,252176.92437029208,248005.00833951726,248994.9884139341,120229
2024-09-18,245695.046875,249733.96545183405,244995.06098646726,249696.9661977259,154929
2024-09-19,242777.828125,247096.78948784652,242777.828125,245997.79931934262,633941
2024-09-20,235770.890625,241088.8430467945,231765.92645627362,240807.84556079895,532256
2024-09-23,233234.921875,235822.89881610498,230993.94184214983,235957.89761326462,342275
2024-09-25,245847.796875,246200.79371167635,240941.84083892617,241197.83854484442,460386
2024-09-26,262263.65625,267402.6103251327,253263.73667883943,253747.73235355518,597249
2024-09-27,272486.5625,274328.54602272937,265601.874086259,267497.60712817765,280166
2024-09-30,273490.5625,274896.5499690577,269997.5936312812,271155.5833106332,241629
2024-10-01,268740.59375,274932.53830855596,267938.6009308847,270030.5821996992,309561
2024-10-02,271947.5625,277659.5113030888,268757.59109211253,268892.58988210146,120561
2024-10-03,269187.59375,273021.5594784353,264959.631543473,273021.5594784353,118988
2024-10-04,267450.59375,270492.5663814063,266818.5994360458,269187.57812237105,84500
2024-10-07,270975.5625,271836.55475513695,265547.61132591945,268498.58478109847,162581
2024-10-08,266142.625,267893.60937458905,258363.6944175168,264997.6352176445,161936
2024-10-09,269409.59375,269750.59070436266,264981.63329862815,267235.61316705454,113113
2024-10-10,267497.59375,271490.55783165887,267497.59375,270497.5667640187,75178
2024-10-11,266676.625,267996.6132442937,263764.65093380056,265497.63549998315,87491
2024-10-14,264747.625,268154.59443673276,261590.65332058546,266677.6076864967,74428
2024-10-15,261884.65625,267779.603492871,260527.66839443156,266035.61910074763,386127
2024-10-16,258071.6875,259869.67138882645,251820.74351276184,253760.72612918194,308586
2024-10-17,259227.6875,261740.6650824075,256112.71528782355,256902.70824051034,103503
2024-10-18,259981.671875,262236.65168175014,258796.68248653042,264997.626957332,183579
2024-10-21,258397.6875,260461.66902863779,256375.70559549148,259997.67318111454,89676
2024-10-22,257235.703125,258259.69398171635,255291.72048295254,256321.71128609497,70199
2024-10-23,260488.671875,260488.671875,254843.722326899,256816.70469331232,78277
2024-10-24,262197.65625,264381.6367276888,257833.6952588673,257833.6952588673,121764
2024-10-25,262388.65625,263283.648255609,260262.67524002824,261753.66192199808,50124
2024-10-28,262912.65625,264469.64237015764,260349.67909780727,264546.6416837428,85616
2024-10-29,261545.65625,266301.6136311499,261035.66082014583,263496.638766952,113533
2024-10-30,259641.671875,262355.647539636,255870.7056880647,260998.659707318,168120
2024-10-31,254463.71875,259448.67406021335,254137.7216725417,259447.6740691782,114325
2024-11-01,255147.71875,256691.70494537527,253302.7352458113,253998.72902300116,119019
2024-11-04,253669.734375,259731.68023335745,253197.73859058155,253197.73859058155,202689
2024-11-05,250053.765625,254517.72573693492,249300.77235343034,253669.73331423762,133349
2024-11-06,253097.734375,261081.66290621297,250097.76122950416,249298.76838175376,206080
2024-11-07,254497.71875,256335.70227480354,248564.7719313605,250764.7522113212,306122
2024-11-08,241791.84375,255136.72474309226,239997.85974838084,248998.7794800274,464935
2024-11-11,245997.796875,247359.78467721038,239801.85236509147,241793.83452515246,392753
2024-11-12,241302.84375,244972.81095566295,240747.8487093616,244935.81128628706,205727
2024-11-13,240139.859375,241227.84967657155,237998.87845986697,239996.86064970153,168649
2024-11-14,248278.78125,248592.77844395564,239699.8579157789,242153.83598573794,234477
2024-11-15,246597.796875,248916.77615704836,245209.80927539538,246800.7950613975,284542
2024-11-18,244815.8125,247888.78504210268,243501.82424086463,244997.81087379195,46124
2024-11-19,241832.84375,249335.7768517274,240980.8513466051,244897.8164218372,79489
2024-11-20,242797.828125,247015.79039448622,240941.8447271417,240398.84958434154,66011
2024-11-21,238200.875,244990.81442666549,237210.88383175273,244990.81442666549,78333
2024-11-22,241597.84375,242612.83469125105,235998.89372037977,238506.87133679117,83787
2024-11-25,246139.796875,248052.77975245233,241997.83394849312,241997.83394849312,101637
2024-11-26,252068.75,253485.73735177788,243934.82260454397,244691.81584751914,101301
2024-11-27,251291.75,252817.73633672114,248286.77690573593,252000.74365185798,67531
2024-11-28,249543.765625,253011.73457336024,247817.78107918982,251292.7499648737,92901
2024-11-29,248994.78125,251911.75525734245,247524.7943488024,249591.77593028228,68528
2024-12-02,254692.71875,257896.6900524402,249194.76799443943,249239.76759138383,63681
2024-12-03,262097.65625,262697.65088468144,255341.71666348723,255747.71303295498,319594
2024-12-04,264223.625,264981.61818670377,259893.66392028035,258178.67933558772,74344
2024-12-05,261597.65625,264997.6257884174,259503.67501075115,261852.65396538132,58709
2024-12-06,268997.59375,269793.58662964683,259114.6821550883,258957.68355947957,122514
2024-12-09,273208.5625,278663.5138322578,265059.63520273706,268996.600078099,228604
2024-12-10,270364.59375,271856.58047129,267533.61894572934,269997.5970162779,249763
2024-12-11,270297.59375,271503.5830140122,266985.62323390675,271076.58681522845,218323
2024-12-12,271472.5625,272287.55518233724,266531.6068638917,266148.61030274426,409895
2024-12-13,274244.5625,276046.5464838722,266219.63382598537,266219.63382598537,76125
2024-12-17,277742.53125,278636.52330363734,268472.61364684784,273196.57165734307,107480
2024-12-18,277531.53125,278281.5245785201,275345.55069514003,276936.53654270736,79363
2024-12-19,273797.5625,277526.5293026388,269191.6035048393,277556.5290355643,453518
2024-12-20,275266.53125,275689.52745632455,270910.5703167856,276996.5157344952,373615
2024-12-23,282192.46875,282192.46875,273702.5449041221,275265.530884229,51822
2024-12-24,276077.53125,281397.48367773835,276077.53125,279997.49619675457,25540
2024-12-27,285526.4375,285526.4375,276298.520317332,276298.520317332,57180
2024-12-30,284702.46875,286737.45065725927,281686.49556459754,281686.49556459754,69038
2024-12-31,277587.53125,285759.4585722198,277297.5338291185,285519.4607066627,21503
2025-01-02,283357.46875,285597.4487401186,277347.5224372265,281403.48620504834,60798
2025-01-03,277132.53125,284164.46860814677,277132.53125,280863.498013829,82753
2025-01-06,283105.46875,288195.4232406449,274602.5447747635,274997.5412430945,73853
2025-01-07,286872.4375,289497.4140522876,282065.48043834424,283105.47114858386,74867
2025-01-08,292435.375,292527.37417418393,286623.42717003264,289492.401417138,132459
2025-01-09,289894.40625,292896.3793906758,287556.42716842104,291705.3900467235,75126
2025-01-10,291897.375,292193.3723381295,287398.4154586331,287398.4154586331,77875
2025-01-13,288867.40625,293073.3684845259,286158.43057398224,286158.43057398224,193603
2025-01-14,290894.40625,292497.3919570329,286846.4423435314,286846.4423435314,227307
2025-01-15,288597.40625,292611.3701747661,286090.42878129333,288998.40264607157,158738
2025-01-16,330474.03125,339296.9519909858,312499.19272351026,312998.18824087986,657752
2025-01-17,336511.0,339826.97043807985,327748.07812156406,329997.05807187816,175288
2025-01-20,336008.0,338833.9747686832,332597.0304543601,334811.0106871501,154538
2025-01-21,338995.96875,340327.95683956664,332875.02348255453,334033.01312798855,156229
2025-01-22,340507.96875,342496.9510437989,336197.00712678884,336497.0044561703,193150
2025-01-23,345268.90625,346616.8941714793,339646.956624958,338996.96244917053,280644
2025-01-24,347555.90625,356995.8222211013,344996.92902859655,344996.92902859655,233648
2025-01-27,357021.8125,357151.811339367,344098.92787584907,347556.897003011,437592
2025-01-28,354611.84375,358707.80729356135,353682.8520185624,355904.83224165643,149580
2025-01-29,358916.78125,361293.7599333591,347331.8851428417,350246.8590014836,242179
2025-01-30,358159.8125,360139.7948788331,352096.8664581489,357710.81649591104,203383
2025-01-31,362672.75,365930.7208045197,359329.7799571794,359516.7782814413,225326
2025-02-03,358822.78125,361890.75372934935,353519.82881910383,359996.7707189557,130991
2025-02-04,362496.75,364503.7320062069,357996.7903448276,360550.7674468965,225318
2025-02-05,364496.75,367696.72146776406,361113.78016392316,364996.7455418381,165193
2025-02-06,361996.75,369372.68377900554,360826.76050414366,363797.73383080115,156545
2025-02-07,356431.8125,361995.76274268096,355534.8205216238,361995.76274268096,108420
2025-02-10,353513.84375,356019.82137607597,352449.8532495432,355996.8215814232,98433
2025-02-11,359057.78125,359707.7754231697,354517.8219481683,356196.80689701746,71661
2025-02-12,362496.75,366057.7180737931,355038.8168648276,361515.7587951724,94764
2025-02-13,375739.625,376344.619565767,366120.7113998132,363997.7304690307,183993
2025-02-14,375997.625,383522.5574552993,375114.6329258433,375695.62771076406,116432
2025-02-17,373607.65625,375340.6407399675,371114.6785618933,369997.6885588386,117075
2025-02-18,371253.6875,376248.6429326585,369628.70199888485,371822.6824231597,58435
2025-02-19,364637.75,368302.71733430965,362358.7703124443,366497.7334220507,172535
2025-02-20,367672.71875,371737.68247273075,364637.74583524285,362904.76130105037,65138
2025-02-21,368500.71875,370876.69759351324,366471.73681671364,364546.75395738584,79013
2025-02-24,364896.75,371979.68691490823,364896.75,367407.72763565363,67638
2025-02-25,367296.71875,368903.70439397293,359622.7873051661,362197.7643015757,64883
2025-02-26,377293.625,378515.6140689563,365108.73399735487,364795.7367972048,179564
2025-02-27,371628.6875,378961.62213812995,371628.6875,377293.63700566016,80304
2025-02-28,373467.65625,375056.26702676754,365908.7239270251,368897.6971659948,253991
2025-03-03,381329.59375,384316.5670686775,374488.65485710657,376532.63659911416,175649
2025-03-04,377278.625,381106.5907563838,376358.6332299182,375597.64003749186,242636
2025-03-05,376037.625,382496.5670299249,376037.625,380106.58848037844,279234
2025-03-06,361142.78125,377792.6328552026,360838.7839594305,377500.63545768196,149114
2025-03-07,345408.90625,359413.843310924,340199.9529054253,360096.774694061,378449
2025-03-10,332294.03125,344996.91776106914,331047.6361354257,344857.91900289874,284182
2025-03-11,327086.0625,334935.9920012214,325547.0763213529,330997.027376341,207647
2025-03-12,335596.0,341967.94303916284,327667.0708792338,329941.05055140215,173156
2025-03-13,337485.96875,344345.90713502886,333331.0060692719,335596.9857165715,135292
2025-03-14,341666.9375,344396.91303011676,334854.99855818483,335497.99279476545,268782
2025-03-17,338824.96875,342854.93269649346,336588.988753881,334598.00656592357,167282
2025-03-18,335380.0,338650.9707409141,334607.00691448286,335597.9980499906,184395
2025-03-19,339196.96875,343701.928491211,335852.99863354955,337446.9843888193,199501
2025-03-20,328997.0625,341002.9553035714,325376.0948303572,336285.99741964287,801266
2025-03-24,333079.03125,337776.98937686515,328990.0676951359,328997.0676327451,211086
2025-03-25,334922.0,336492.98592819285,331109.03415391507,334995.99933716503,158589
2025-03-26,334149.0,335430.9884902679,331983.01944624004,331647.0224628313,100580
2025-03-27,331124.03125,335737.9898827527,326998.0682420378,332496.01894920605,165182
2025-03-28,328371.0625,330995.0390267652,324140.100348802,330996.0390178196,66619
2025-03-31,316979.15625,325690.07810074784,316224.16302335385,325376.0809177453,179901
2025-04-01,320759.125,322497.10942225077,317560.1536727387,318648.1439209601,139533
2025-04-02,327014.0625,327141.0613591954,319767.12759772426,323318.09570010885,158206
2025-04-03,316794.15625,323598.0951734273,314559.1763126308,318844.1378480344,335154
2025-04-04,297797.34375,320748.13903679064,292834.3880178602,320001.1456997146,232298
2025-04-07,300673.3125,310452.22509341454,275908.5338543399,284988.45269555104,343028
2025-04-08,307832.25,312635.20709308557,293916.3743165982,301447.30703948543,258069
2025-04-09,305590.28125,308788.2527985548,295612.3700206443,300133.32979894825,282366
2025-04-10,316246.1875,362936.772262521,311850.2265949853,330087.06440771354,306672
2025-04-11,321908.125,325797.09026718565,310960.2227770253,324044.1059232987,79728
2025-04-14,317690.15625,323448.1047086928,313330.1952774573,321908.1184936204,105201
2025-04-15,313805.1875,316241.1656673826,305596.26107305265,312567.19859555847,240857
2025-04-16,308881.25,313539.20852973935,307543.2619122389,313021.213141503,181651
2025-04-17,311683.21875,316582.1750350312,308881.24375292764,308881.24375292764,223574
2025-04-22,319456.15625,320603.14603967173,309789.2423033942,312480.21834873565,156627
2025-04-23,326196.09375,330957.0513321622,319997.1489796106,319997.1489796106,156674
2025-04-24,328989.0625,329717.05599984195,317651.1637346045,326207.0873398897,108987
2025-04-25,329197.0625,335631.00508847204,329197.0625,330997.0464383354,122024
2025-04-29,328975.0625,334340.0145950109,327834.0726881813,330997.04444522125,121890
2025-04-30,326997.0625,331167.02504013764,323830.09094973246,327686.0563105887,57725
2025-05-02,326487.09375,329616.0658972135,320811.1442749012,322022.13349518745,104855
2025-05-05,325028.09375,326439.08113360725,320918.1304993793,329972.0495434474,105353
2025-05-06,322627.125,323318.1188424046,317365.17189040076,324442.1088262871,43519
2025-05-07,318320.15625,324573.100388599,317611.16258387704,323761.1076426303,107729
2025-05-08,318520.15625,322583.1199758338,314797.18948867114,322583.1199758338,65556
2025-05-09,319391.15625,320922.14261861914,313873.2053799539,317897.1695519484,278284
2025-05-12,335397.0,339996.9588550984,323663.1049552773,320670.13172629697,306542
2025-05-13,342842.9375,345826.9108451754,335339.00453009515,335996.9986524562,127163
2025-05-14,339111.96875,343662.9280699394,336813.9892911512,344587.9198016344,165664
2025-05-15,333408.03125,336692.0020086882,330423.0578289633,333718.02848970564,119627
2025-05-16,357448.8125,360246.7875494472,342204.3234406079,351596.8646839296,322120
2025-05-19,358525.78125,358525.78125,349425.86294666893,356805.7966915682,142278
2025-05-20,354639.84375,360032.79575340555,353781.85138602415,358525.8091653966,80949
2025-05-21,354023.84375,360612.78500721697,352266.8594141478,358323.80541429395,162856
2025-05-22,346971.90625,352569.8563362814,344878.92491191725,352169.8599028208,79390
2025-05-23,340426.96875,348776.8944000969,334749.0193079341,345996.91915371735,183301
2025-05-26,344478.90625,348428.87077554123,341496.9330309711,341496.9330309711,42695
2025-05-27,344929.90625,346530.89189041784,341160.9400546628,339996.95049473376,78451
2025-05-28,339516.96875,347545.8970667229,333644.0211844111,347031.90165573824,128584
2025-05-29,335860.0,343578.9310522445,335175.0061185662,340969.95435638935,57706
2025-05-30,338496.96875,339510.95966968243,334642.0032713257,335859.99236419867,246952
2025-06-02,334634.0,338496.96536844404,332274.021157254,339996.9519210368,70926
2025-06-03,331774.03125,333997.011358533,327169.0724556705,335538.9975606733,78733
2025-06-04,335247.0,336567.98817897093,330567.0418791946,334248.0089395973,63712
2025-06-05,328894.0625,337491.98570810165,327173.07787088363,335297.00531245343,86437
2025-06-06,327997.0625,328537.05766387196,323467.1030697409,326955.07183193596,99146
2025-06-09,329403.0625,335489.0082276886,326339.0898234246,328996.0661294497,64367
2025-06-10,331197.03125,333250.012847694,325973.078075936,326252.0755750868,111540
2025-06-11,333210.03125,337431.9936342332,330496.05543029157,331185.0492916693,81273
2025-06-12,337802.96875,338924.95868190617,329400.0441530235,331091.028979096,90770
2025-06-13,329519.0625,335555.0086925152,328571.0709508773,333556.0265124559,141352
2025-06-17,331985.03125,335795.99717073736,330025.04877698893,331433.0361861724,161815
2025-06-18,332282.03125,334524.0112191906,328168.06800590985,328168.06800590985,133013
2025-06-19,326067.09375,327743.0788118732,322497.1255692796,332276.0384094098,254456
2025-06-20,324862.09375,329848.04914512567,324604.09605807415,327418.0708839634,262889
2025-06-23,326072.09375,327296.0828407,323250.1189019973,322597.12472207315,97508
2025-06-24,329642.0625,333589.02732788306,326946.0865243292,329996.05934547016,127571
2025-06-25,326998.0625,332366.0142784349,326948.06294915767,334896.9915420748,109779
2025-06-26,325492.09375,328855.063722753,321648.1280719558,326998.0803033649,103432
2025-06-27,332063.03125,334071.0132979965,326844.07790911675,327113.075504192,66684
2025-06-30,333096.03125,335527.00958367484,330472.05463644065,331882.0420697938,78976
2025-07-01,332588.03125,333692.0213955541,328429.0683737684,333147.0262602942,125877
2025-07-02,335235.0,340541.9525083672,333508.0154546919,333597.0146582428,173109
2025-07-03,330537.03125,337468.96899013733,328537.0492130302,336058.98165407364,100799
2025-07-04,331683.03125,332235.0263093332,326659.076217228,330353.0431541428,44383
2025-07-07,334522.0,335846.98811748,331498.0271190494,334152.00331813766,51080
2025-07-08,337825.96875,339797.95105576713,333078.0113525445,341996.93132472347,57008
2025-07-09,335946.0,342383.94250913087,335209.0065813561,332997.02633435436,48677
2025-07-10,336908.0,340750.9657802803,335833.00957226095,336802.00094386947,42883
2025-07-11,334358.0,336343.98218093615,330157.0376927931,335004.9941948971,139791
2025-07-14,329277.0625,334358.0171725052,327355.0796461219,334358.0171725052,152746
2025-07-15,329236.0625,331545.0418988941,328011.0734295603,329271.06218772684,163899
2025-07-16,332177.03125,338358.97600039886,323997.10435607197,330997.04179586365,168397
2025-07-17,320997.125,334059.00801168225,320262.1315829439,334269.0061308411,191421
2025-07-18,314895.1875,321138.1317408732,314018.1953328935,317497.1642603319,158813
2025-07-21,312007.21875,315234.18998459587,309598.2402237709,314002.20096661564,132489
2025-07-22,309099.25,311256.2308097327,307161.26724188135,307697.2624732289,142383
2025-07-23,313650.1875,315497.1709381068,310660.7143065944,310774.21328884945,167022
2025-07-24,309159.25,319109.16149462096,309159.25,315648.19228026085,52943
2025-07-25,309938.21875,316582.15913018526,306998.24513203726,307497.2406542697,85170
2025-07-28,308139.25,315177.18718967226,308097.2503748272,310362.2301609323,75476
2025-07-29,306613.25,311566.20557717147,305343.26139046886,308990.2286809886,50779
2025-07-30,304674.28125,306896.26142223977,302948.2966517616,305066.2777520333,72520
2025-07-31,297839.34375,303552.29279964295,297839.34375,302497.3022084696,180002
2025-08-01,283311.46875,297998.33752998,281877.4815619772,297997.3375389144,291769
2025-08-04,291132.40625,295246.3695979743,286097.4511073042,289215.42332873924,295695
2025-08-05,293270.375,295259.3571970485,290396.4007243251,293565.3723595421,193756
2025-08-06,287497.4375,294016.37939586956,286139.44960391306,292497.3929347826,240802
2025-08-07,290264.40625,292177.3891559323,286015.4442179528,287523.43074285914,219349
2025-08-08,289429.40625,290976.39238653204,286821.4296216382,289998.4011508964,108522
2025-08-11,285582.4375,293486.36657890823,284997.442749094,290347.3947445594,103034
2025-08-12,282290.46875,287712.42013229604,279496.493803092,285821.4370884152,109773
2025-08-13,286227.4375,287877.4227282256,284205.4556021381,285582.4432744209,173563
2025-08-14,288997.40625,289681.40011115914,285725.43561591697,286897.4250973183,281785
2025-08-15,288207.4375,290516.41697048163,286733.4506054613,288997.4304760418,92884
2025-08-18,288027.4375,288997.4288702566,285991.4556135645,290497.4155252925,149712
2025-08-19,296997.34375,298033.3344844276,289280.412767782,289983.4064804293,243668
2025-08-20,296997.34375,298426.33096959174,294087.3697758838,295497.357165404,83621
2025-08-21,295085.375,297965.3493805238,293821.3862441034,299097.33931064635,131118
2025-08-22,297997.34375,298497.3392932047,290487.4106910654,295997.3615771812,72556
2025-08-25,295917.34375,298232.32296999614,295547.34707121016,295997.3430319005,85165
2025-08-26,294676.375,298102.3444811982,293927.3816720907,296709.3568900397,101258
2025-08-27,307876.25,308899.2408624817,293997.3739683447,295112.364009075,184060
2025-08-28,312386.21875,318881.16092396015,304556.2884617616,302597.30590305675,564368
2025-08-29,310597.21875,317997.1524871217,309274.2305967281,317997.1524871217,160133
2025-09-01,304355.28125,309280.2372562697,303931.2850374805,307598.25228113355,165445
2025-09-02,306450.25,311997.200223199,302746.28323837585,309533.2223342568,277964
2025-09-03,309788.21875,314908.17278352584,306697.2465004632,304997.2617627691,179076
2025-09-04,309478.21875,315164.1676509422,309478.21875,309788.21596408583,193792
2025-09-05,316973.15625,318931.13868380414,310585.2135599383,312023.20065892214,143128
2025-09-08,316647.15625,319589.1298286752,315394.167502862,319083.13437292754,164895
2025-09-09,324210.09375,326175.0761357117,316647.1615448409,316647.1615448409,344172
2025-09-10,323797.09375,330401.03447614267,323797.09375,323827.09348073654,144160
2025-09-11,326097.09375,328764.06998131325,323884.1134725736,323799.11423010577,71196
2025-09-12,324297.09375,325358.0842417322,319991.13233869104,325910.0792949237,129788
2025-09-15,331697.03125,333454.0155246646,325910.0830442606,321997.1180660235,110737
2025-09-16,336096.0,338327.98007729865,333697.0214133336,333697.0214133336,236797
2025-09-17,327369.0,331038.0,326347.0,330474.0,57783
2025-09-18,329423.0,332355.0,323573.0,327200.0,271977
2025-09-19,325808.0,329175.0,324751.0,324301.0,243068
2025-09-22,324448.0,325939.0,320760.0,324150.0,68066
2025-09-23,331318.0,335553.0,326534.0,328960.0,98020
2025-09-25,324057.0,327000.0,321374.0,334500.0,109694
2025-09-26,324121.0,327139.0,322621.0,325901.0,67055
2025-09-29,327450.0,329422.0,322246.0,324500.0,124109
2025-09-30,326926.0,329660.0,324284.0,327000.0,76543
2025-10-01,325897.0,330000.0,323634.0,327016.0,68992
2025-10-02,333586.0,334208.0,330000.0,330000.0,88440
2025-10-03,338000.0,338524.0,331558.0,334499.0,111616
2025-10-06,329464.0,334139.0,328478.0,333235.0,137269
2025-10-07,334241.0,334688.0,327626.0,331714.0,145101
2025-10-08,341975.0,342885.0,332062.0,334168.0,107549
2025-10-09,331056.0,345666.0,330424.0,343350.0,118150
2025-10-10,331332.0,333642.0,330501.0,330420.0,70514
2025-10-13,328481.0,333618.0,327458.0,331332.0,71151
2025-10-14,329368.0,330875.0,324553.0,327714.0,82803
2025-10-15,347480.0,348757.0,341448.0,342000.0,230844
2025-10-16,348284.0,350690.0,345820.0,347203.0,110764
2025-10-17,350079.0,353950.0,348000.0,348000.0,244107
2025-10-20,350075.0,354598.0,347545.0,350100.0,165588
2025-10-21,352956.0,352956.0,348271.0,349650.0,145766
2025-10-22,349464.0,350678.0,343570.0,344123.0,101492
2025-10-23,351748.0,355488.0,349350.0,349350.0,86459
2025-10-24,345533.0,353538.0,345533.0,351900.0,56201
2025-10-27,349339.0,355000.0,345332.0,345600.0,77362
2025-10-28,347871.0,354000.0,347871.0,346360.0,80686
2025-10-29,346433.0,348987.0,344945.0,349899.0,46048
2025-10-30,344973.0,349952.0,341870.0,350000.0,63730
2025-10-31,341328.0,349205.0,339289.0,349900.0,54507
2025-11-03,348648.0,349143.0,344061.0,341500.0,145253
2025-11-04,340130.0,346257.0,337855.0,344601.0,71855
2025-11-05,341724.0,341724.0,334424.0,340000.0,166491
2025-11-06,336869.0,341717.0,336869.0,340362.0,75804
2025-11-07,334534.0,339485.0,332619.0,336598.0,66017
2025-11-10,336747.0,341880.0,334926.0,332100.0,63503
2025-11-11,347706.0,348742.0,338853.0,338606.0,112312
2025-11-12,353396.0,354727.0,342066.0,340551.0,64801
2025-11-13,350006.0,354786.0,348500.0,354244.0,66039
2025-11-14,365833.0,379982.0,357691.0,365000.0,377246
2025-11-17,363553.0,373798.0,363553.0,364630.0,134885
2025-11-18,353997.0,365499.0,353997.0,360346.0,156113
2025-11-19,347744.0,351091.0,343940.0,351679.0,173323
2025-11-20,352835.0,354794.0,344065.0,344000.0,135800
2025-11-21,352652.0,355984.0,347167.0,351960.0,62600
2025-11-24,356666.0,360637.0,350010.0,350000.0,92835
2025-11-25,358132.0,358132.0,351931.0,350630.0,131789
2025-11-26,359847.0,363994.0,358346.0,353090.0,53716
2025-11-27,361732.0,364105.0,359831.0,362567.0,116953
2025-11-28,360551.0,364852.0,359243.0,363802.0,232902
2025-12-01,369897.0,370000.0,358420.0,360551.0,142177
2025-12-02,366989.0,372148.0,364319.0,363150.0,86764
2025-12-03,367875.0,369016.0,364389.0,367223.0,59368
2025-12-04,366249.0,371849.0,365100.0,369998.0,41820
2025-12-05,365518.0,367506.0,361617.0,367049.0,145530
2025-12-08,362857.0,365567.0,360497.0,364500.0,141240
2025-12-09,359260.0,363611.0,355905.0,362857.0,77245
2025-12-10,354948.0,359235.0,352650.0,358401.0,100200
2025-12-11,360273.0,362325.0,356536.0,356536.0,109905
2025-12-12,350934.0,360809.0,350041.0,358501.0,89203
2025-12-15,353003.0,362601.0,352644.0,357323.0,80676
2025-12-17,352500.0,358496.0,349674.0,354000.0,85899
2025-12-18,355880.0,357251.0,350019.0,350019.0,353921
2025-12-19,353218.0,358653.0,350542.0,355000.0,124222
2025-12-22,353535.0,356432.0,351965.0,353218.0,64871
2025-12-23,358365.0,360653.0,350900.0,359099.0,60940
2025-12-24,359898.0,364475.0,358001.0,364650.0,8937
2025-12-29,360213.0,362734.0,357563.0,359897.0,33869
2025-12-30,360714.0,362038.0,356364.0,358331.0,54866
2025-12-31,362704.0,363437.0,356971.0,363437.0,10315
